variante,semilla,puntuacion
V0,200000,1.0
V0,200001,1.0
V0,200002,0.7242771604179735
V0,200003,0.9855084193116445
V0,200004,1.0
V0,200005,0.6841482798688275
V0,200006,1.0
V0,200007,1.0
V0,200008,1.0
V0,200009,1.0
V0,200010,0.6193611082810292
V0,200011,1.0
V0,200012,0.7101476643574124
V0,200013,0.9754419410519796
V0,200014,0.7191753768432441
V0,200015,0.9807759397341292
V0,200016,0.8728387125146315
V0,200017,1.0
V0,200018,0.9526694858133886
V0,200019,1.0
V0,200020,1.0
V0,200021,1.0
V0,200022,1.0
V0,200023,1.0
V0,200024,1.0
V0,200025,1.0
V0,200026,1.0
V0,200027,1.0
V0,200028,0.36251863716060706
V0,200029,1.0
V0,200030,1.0
V0,200031,0.7251744290914978
V0,200032,0.7067956596767595
V0,200033,1.0
V0,200034,0.4604961343729603
V0,200035,0.9576229133180508
V0,200036,0.6530265361364835
V0,200037,1.0
V0,200038,0.5253886622960348
V0,200039,0.9804277995746861
V0,200040,1.0
V0,200041,0.5759722062487291
V0,200042,0.9973046586552772
V0,200043,0.9836621419226237
V0,200044,1.0
V0,200045,0.6704575844609416
V0,200046,0.9742401749987777
V0,200047,1.0
V0,200048,1.0
V0,200049,0.5037491876707173
V0,200050,1.0
V0,200051,1.0
V0,200052,1.0
V0,200053,0.6312748566308805
V0,200054,0.7038887256846161
V0,200055,0.9673607063543942
V0,200056,0.7132515171419161
V0,200057,1.0
V0,200058,0.9896924254443052
V0,200059,0.9979197921931757
V0,200060,0.9700904633141386
V0,200061,0.5723486812742373
V0,200062,1.0
V0,200063,0.0
V0,200064,1.0
V0,200065,1.0
V0,200066,1.0
V0,200067,0.44884911924920795
V0,200068,1.0
V0,200069,0.5546754953133923
V0,200070,0.9944375689561604
V0,200071,1.0
V0,200072,1.0
V0,200073,1.0
V0,200074,0.1810717205242553
V0,200075,0.5194966123344994
V0,200076,0.9956933582386286
V0,200077,1.0
V0,200078,0.9698582826378104
V0,200079,1.0
V0,200080,0.48773818881331876
V0,200081,0.980878885675531
V0,200082,0.9851529837412056
V0,200083,1.0
V0,200084,1.0
V0,200085,1.0
V0,200086,0.5498367756087981
V0,200087,1.0
V0,200088,1.0
V0,200089,1.0
V0,200090,1.0
V0,200091,1.0
V0,200092,0.7129552975531689
V0,200093,0.9803224758894166
V0,200094,0.986394022860965
V0,200095,0.0
V0,200096,0.9961162275614311
V0,200097,1.0
V0,200098,0.9915120354132098
V0,200099,0.9981179035896701
V0,200100,1.0
V0,200101,0.0
V0,200102,1.0
V0,200103,0.037625315787774664
V0,200104,0.20508545430191039
V0,200105,1.0
V0,200106,0.9880259611283122
V0,200107,0.9677935051534182
V0,200108,0.9714212423838521
V0,200109,0.9958540668405962
V0,200110,0.9574278926865719
V0,200111,0.5332052575819968
V0,200112,0.9622096649549
V0,200113,1.0
V0,200114,1.0
V0,200115,1.0
V0,200116,0.9693429846283386
V0,200117,0.46041321702039345
V0,200118,1.0
V0,200119,1.0
V0,200120,0.9981163615742683
V0,200121,1.0
V0,200122,1.0
V0,200123,0.7269426233142626
V0,200124,1.0
V0,200125,1.0
V0,200126,0.6986339956343721
V0,200127,0.9906259454246277
V0,200128,0.8845231739111459
V0,200129,1.0
V0,200130,0.9786476149006125
V0,200131,1.0
V0,200132,0.9949848462755542
V0,200133,0.9998416809149927
V0,200134,1.0
V0,200135,1.0
V0,200136,1.0
V0,200137,1.0
V0,200138,1.0
V0,200139,0.926965138411266
V0,200140,1.0
V0,200141,1.0
V0,200142,0.530913913401504
V0,200143,0.7272572187412087
V0,200144,0.0
V0,200145,0.941397845310557
V0,200146,0.9782449029109975
V0,200147,0.7247237250062201
V0,200148,1.0
V0,200149,0.723612020465921
V0,200150,1.0
V0,200151,1.0
V0,200152,0.7129016026686286
V0,200153,0.9883347666994854
V0,200154,1.0
V0,200155,0.7821113113246445
V0,200156,0.938292166530052
V0,200157,1.0
V0,200158,0.9469452091109961
V0,200159,1.0
V0,200160,0.9821918401083319
V0,200161,1.0
V0,200162,1.0
V0,200163,0.9760952577073629
V0,200164,0.9992839404440395
V0,200165,0.0
V0,200166,1.0
V0,200167,0.6860073837371483
V0,200168,1.0
V0,200169,1.0
V0,200170,1.0
V0,200171,1.0
V0,200172,0.9937414760944364
V0,200173,0.9922982613604331
V0,200174,1.0
V0,200175,1.0
V0,200176,0.9745428248456398
V0,200177,1.0
V0,200178,1.0
V0,200179,1.0
V0,200180,1.0
V0,200181,1.0
V0,200182,0.9902701303823517
V0,200183,1.0
V0,200184,0.9909162201032563
V0,200185,1.0
V0,200186,1.0
V0,200187,0.9700243669829577
V0,200188,1.0
V0,200189,0.6349289517035968
V0,200190,1.0
V0,200191,1.0
V0,200192,0.0
V0,200193,0.3470451471708019
V0,200194,1.0
V0,200195,0.0
V0,200196,0.45420222917867725
V0,200197,1.0
V0,200198,0.9606045078388796
V0,200199,1.0
V1,200000,0.9618889182187357
V1,200001,1.0
V1,200002,0.0
V1,200003,0.8280129569949538
V1,200004,0.5804905887043676
V1,200005,0.35942634086975966
V1,200006,0.23362027713669706
V1,200007,1.0
V1,200008,0.0
V1,200009,0.8620730577988113
V1,200010,0.6978974611431773
V1,200011,0.3008386060276424
V1,200012,0.980308515293288
V1,200013,0.9490963470847779
V1,200014,0.8788402572931333
V1,200015,1.0
V1,200016,0.0
V1,200017,0.0
V1,200018,1.0
V1,200019,1.0
V1,200020,0.9056351400566888
V1,200021,0.0
V1,200022,0.33720311016032867
V1,200023,0.8669007400098965
V1,200024,0.9965452257417687
V1,200025,0.9461621975081009
V1,200026,0.6873094095624814
V1,200027,0.7813160696980624
V1,200028,0.6815548538597653
V1,200029,1.0
V1,200030,1.0
V1,200031,0.3305889928249421
V1,200032,0.20218556246592415
V1,200033,0.41604877587054945
V1,200034,0.0
V1,200035,0.9792837325432912
V1,200036,0.733398742270396
V1,200037,0.6563075466224726
V1,200038,0.6098550532087162
V1,200039,0.6748345567433485
V1,200040,1.0
V1,200041,0.5683367005777572
V1,200042,0.9687732573861467
V1,200043,1.0
V1,200044,1.0
V1,200045,0.11687221961261934
V1,200046,0.5423197347422457
V1,200047,0.7574843824463977
V1,200048,0.9647236393433561
V1,200049,0.9760691498472042
V1,200050,0.20372422764769685
V1,200051,0.9775698649224228
V1,200052,0.8678023572931347
V1,200053,0.55307579873209
V1,200054,0.4978861497024875
V1,200055,0.7800874517471773
V1,200056,0.967245475542003
V1,200057,0.3955847668112763
V1,200058,0.587217040844006
V1,200059,0.0
V1,200060,0.5649479635950445
V1,200061,0.980980666632076
V1,200062,0.0
V1,200063,0.0
V1,200064,1.0
V1,200065,0.5735152555328039
V1,200066,0.5012055781507084
V1,200067,0.6508821404216789
V1,200068,0.6141175383921273
V1,200069,0.7047288167442901
V1,200070,0.43664139434672833
V1,200071,0.0
V1,200072,0.465538155242167
V1,200073,0.9254994478151801
V1,200074,0.012270202616608343
V1,200075,0.9649706619095384
V1,200076,0.8759351256200881
V1,200077,0.46473567386387804
V1,200078,1.0
V1,200079,0.5542618216322031
V1,200080,0.0019503905270539482
V1,200081,0.0
V1,200082,0.0
V1,200083,1.0
V1,200084,0.9690501656682267
V1,200085,0.0
V1,200086,0.38761340144800427
V1,200087,0.021824515706190595
V1,200088,1.0
V1,200089,1.0
V1,200090,0.9609228749227328
V1,200091,0.32771947307832744
V1,200092,0.9014238585104213
V1,200093,0.5486285749930809
V1,200094,0.39877384937427945
V1,200095,0.9552192473645018
V1,200096,1.0
V1,200097,1.0
V1,200098,1.0
V1,200099,0.45614593630691286
V1,200100,0.9178518158698407
V1,200101,0.0
V1,200102,0.4009541096214584
V1,200103,0.0
V1,200104,0.0
V1,200105,1.0
V1,200106,0.9903302634212006
V1,200107,0.8821589567110212
V1,200108,0.9719415928569647
V1,200109,1.0
V1,200110,0.5233165420854561
V1,200111,0.9908630762430075
V1,200112,0.8899700715995896
V1,200113,0.9938599747439902
V1,200114,0.997395759791722
V1,200115,0.8898633697593022
V1,200116,0.924357837246324
V1,200117,0.9874358992693647
V1,200118,0.44241610398017955
V1,200119,0.9202514761759183
V1,200120,0.9593391688892194
V1,200121,1.0
V1,200122,0.0
V1,200123,0.6391878266969002
V1,200124,0.9803820463726416
V1,200125,0.9616795456345258
V1,200126,0.9054170591678561
V1,200127,0.7428019307006826
V1,200128,0.22107126533359062
V1,200129,0.9914709746757144
V1,200130,0.47810347807771314
V1,200131,0.6456946647892777
V1,200132,0.0
V1,200133,0.0
V1,200134,0.992625019257496
V1,200135,0.8695978396867071
V1,200136,1.0
V1,200137,1.0
V1,200138,0.5350914382607052
V1,200139,0.8519945651789783
V1,200140,0.17434315168426343
V1,200141,1.0
V1,200142,0.5160258566302225
V1,200143,0.9542832252634348
V1,200144,0.3421474027420889
V1,200145,1.0
V1,200146,0.0
V1,200147,0.9375252489552267
V1,200148,1.0
V1,200149,0.9138660913977548
V1,200150,1.0
V1,200151,0.12878876161112027
V1,200152,1.0
V1,200153,0.0
V1,200154,0.0
V1,200155,0.5435482269906509
V1,200156,0.1817574406495952
V1,200157,0.9163440871802135
V1,200158,0.9851596294025499
V1,200159,0.23637590311081658
V1,200160,1.0
V1,200161,0.8160879707247849
V1,200162,0.0
V1,200163,0.8784548173222989
V1,200164,0.3905462090174469
V1,200165,0.0
V1,200166,0.0
V1,200167,0.9771423392489135
V1,200168,0.9999646303027165
V1,200169,0.9725465796436323
V1,200170,0.5652175963506749
V1,200171,1.0
V1,200172,1.0
V1,200173,1.0
V1,200174,0.9804445053612506
V1,200175,0.8927175724458797
V1,200176,0.9776948142157653
V1,200177,1.0
V1,200178,0.6728249823384735
V1,200179,1.0
V1,200180,0.6254246678616447
V1,200181,0.8958015798492993
V1,200182,0.0
V1,200183,0.9760300437927781
V1,200184,0.0
V1,200185,0.9556197230295417
V1,200186,1.0
V1,200187,0.9778833538980765
V1,200188,1.0
V1,200189,0.5720860817246646
V1,200190,0.3203364335089004
V1,200191,0.9866196321429866
V1,200192,0.6091889407035215
V1,200193,0.7392911053949385
V1,200194,0.9811187039530144
V1,200195,0.0997223294797136
V1,200196,0.10294399681459561
V1,200197,0.9595425596652052
V1,200198,0.0
V1,200199,0.09701280332808661
V2,200000,0.32946233207700615
V2,200001,0.9518207353344166
V2,200002,0.0
V2,200003,0.10541893114877181
V2,200004,0.5637029030009981
V2,200005,0.5985399571689839
V2,200006,0.23362027713669706
V2,200007,0.9382598991338823
V2,200008,0.9996283553392232
V2,200009,1.0
V2,200010,0.9532595685646743
V2,200011,0.357576743689247
V2,200012,0.6533659287734545
V2,200013,1.0
V2,200014,0.49315266055550794
V2,200015,0.7827270982950941
V2,200016,0.0
V2,200017,0.014113697903975254
V2,200018,0.2677352919342601
V2,200019,1.0
V2,200020,0.886188862167516
V2,200021,0.5127241490159195
V2,200022,1.0
V2,200023,0.0
V2,200024,0.7790419756147666
V2,200025,1.0
V2,200026,0.5179427729591197
V2,200027,0.5876217585937061
V2,200028,0.9477606174864296
V2,200029,0.987626349111575
V2,200030,0.3596180944749423
V2,200031,0.9435053844280218
V2,200032,0.9875331533856144
V2,200033,0.9465637981615157
V2,200034,0.0
V2,200035,0.0
V2,200036,0.24978183069304205
V2,200037,1.0
V2,200038,0.0
V2,200039,0.9155760478236731
V2,200040,0.9483755415122813
V2,200041,0.0
V2,200042,1.0
V2,200043,0.0669847333115956
V2,200044,0.9450575030807182
V2,200045,0.11687221961261934
V2,200046,0.5526488809826015
V2,200047,0.9999223408434462
V2,200048,0.9807042668298885
V2,200049,0.9682980937046427
V2,200050,1.0
V2,200051,0.5198646628712268
V2,200052,0.9844438212313859
V2,200053,0.5784658383188839
V2,200054,0.9658264551578688
V2,200055,0.9616436937119924
V2,200056,0.7222527805616957
V2,200057,0.8644311302686458
V2,200058,0.0
V2,200059,0.0
V2,200060,0.5820381285998951
V2,200061,0.9306180642599672
V2,200062,0.0
V2,200063,0.0
V2,200064,0.9623301528883252
V2,200065,0.0
V2,200066,0.8815130504851383
V2,200067,0.4342570936418872
V2,200068,0.9358734659003779
V2,200069,0.4986796785303782
V2,200070,0.287904516330064
V2,200071,0.0
V2,200072,0.9477392569173854
V2,200073,0.832333160151498
V2,200074,0.0
V2,200075,0.4547626128643843
V2,200076,0.9810168810649755
V2,200077,0.0
V2,200078,0.8743514120998004
V2,200079,0.11795826100084847
V2,200080,0.0019503905270539482
V2,200081,0.0
V2,200082,0.09107157302548939
V2,200083,0.7275317581032036
V2,200084,0.9927702548373109
V2,200085,0.14601752231055215
V2,200086,0.8899083413518463
V2,200087,0.9788011809009508
V2,200088,0.04081198356992428
V2,200089,0.9399616285843454
V2,200090,0.9566517511696471
V2,200091,0.8810691847230113
V2,200092,1.0
V2,200093,0.6395424391319234
V2,200094,0.021633223295753557
V2,200095,0.0
V2,200096,0.9251735303094378
V2,200097,0.10820700454361415
V2,200098,0.4798968595277162
V2,200099,0.9782357361222883
V2,200100,0.891663015076499
V2,200101,0.0
V2,200102,1.0
V2,200103,1.0
V2,200104,0.0
V2,200105,1.0
V2,200106,1.0
V2,200107,0.8696016749033908
V2,200108,0.8747057675666614
V2,200109,0.9562836980277548
V2,200110,0.5216986470479092
V2,200111,0.05051770205148584
V2,200112,0.8937860486180489
V2,200113,0.12208208577206288
V2,200114,0.0
V2,200115,1.0
V2,200116,0.9702007056227264
V2,200117,0.4613949234106292
V2,200118,0.0
V2,200119,0.9427064258177467
V2,200120,0.0
V2,200121,0.3702612242329419
V2,200122,0.9313205568716124
V2,200123,0.003113054045881376
V2,200124,0.02053075048288849
V2,200125,0.974552362580679
V2,200126,1.0
V2,200127,0.7925184786790016
V2,200128,0.37009438208454065
V2,200129,0.9894954289000867
V2,200130,0.8958032394744571
V2,200131,0.6544386001200839
V2,200132,0.9346241057281232
V2,200133,0.0
V2,200134,1.0
V2,200135,0.0
V2,200136,0.9615102558140448
V2,200137,1.0
V2,200138,0.9795015642165877
V2,200139,0.9901891918735596
V2,200140,0.9796434881412137
V2,200141,0.2729158519320983
V2,200142,0.5811284767833517
V2,200143,0.022212125129829275
V2,200144,0.15650782325716486
V2,200145,0.0
V2,200146,0.0
V2,200147,0.7821950685449559
V2,200148,0.7621715285320719
V2,200149,0.9909295815721112
V2,200150,1.0
V2,200151,0.04893459602987472
V2,200152,0.5426137071157356
V2,200153,0.5215527587082907
V2,200154,1.0
V2,200155,0.6627546286982369
V2,200156,1.0
V2,200157,0.0
V2,200158,1.0
V2,200159,0.8727259990153998
V2,200160,0.9838097258023122
V2,200161,0.9980527977651718
V2,200162,1.0
V2,200163,1.0
V2,200164,0.0
V2,200165,0.0
V2,200166,0.0
V2,200167,0.2619528804411689
V2,200168,0.8470920682602308
V2,200169,0.9172372691902765
V2,200170,0.42060844284625637
V2,200171,1.0
V2,200172,1.0
V2,200173,0.26707475884257387
V2,200174,0.9786835754499509
V2,200175,0.9425203682500052
V2,200176,0.9896456995953974
V2,200177,0.8923030939851525
V2,200178,0.2255261129556051
V2,200179,1.0
V2,200180,0.6118931314715143
V2,200181,0.30352661332039155
V2,200182,0.0
V2,200183,1.0
V2,200184,0.0
V2,200185,0.001281304838135262
V2,200186,0.9808531006801418
V2,200187,0.0007195073900893829
V2,200188,0.6168136950514035
V2,200189,0.35063415239269385
V2,200190,0.3274425219959446
V2,200191,0.9558426178356809
V2,200192,0.0
V2,200193,1.0
V2,200194,0.9996486665782955
V2,200195,0.0
V2,200196,0.9900150264456007
V2,200197,1.0
V2,200198,0.0
V2,200199,0.07783903148929848
V3,200000,0.12473274473736268
V3,200001,0.8060891627812014
V3,200002,0.0
V3,200003,0.0
V3,200004,0.0
V3,200005,0.7435628065505103
V3,200006,0.2511135245208912
V3,200007,1.0
V3,200008,0.0
V3,200009,0.3815781254644949
V3,200010,0.96379258784002
V3,200011,0.0
V3,200012,0.4255348395711599
V3,200013,0.8318370326038426
V3,200014,1.0
V3,200015,0.0
V3,200016,0.9595695493201396
V3,200017,0.0
V3,200018,1.0
V3,200019,1.0
V3,200020,0.9066278908007196
V3,200021,1.0
V3,200022,1.0
V3,200023,1.0
V3,200024,1.0
V3,200025,0.0
V3,200026,0.49530806469696287
V3,200027,0.9387628536100244
V3,200028,0.4337060308060274
V3,200029,0.46479554432298
V3,200030,0.3595408062702641
V3,200031,0.2732622768395743
V3,200032,0.22452921408704146
V3,200033,0.9705999893281801
V3,200034,0.0
V3,200035,0.0
V3,200036,1.0
V3,200037,0.6103419384232681
V3,200038,0.4606023134222957
V3,200039,0.18209706129629893
V3,200040,0.9165548837470915
V3,200041,0.00042449956555586793
V3,200042,0.9744194147783743
V3,200043,0.9680128010340018
V3,200044,0.3153409267594786
V3,200045,0.12003283370384939
V3,200046,1.0
V3,200047,0.9274340113327058
V3,200048,0.9439199707551172
V3,200049,1.0
V3,200050,0.1288838109913362
V3,200051,1.0
V3,200052,0.3743320728436448
V3,200053,0.6804841090232358
V3,200054,1.0
V3,200055,0.43766703356884357
V3,200056,0.5587214597980981
V3,200057,1.0
V3,200058,0.9542674557556446
V3,200059,0.0
V3,200060,1.0
V3,200061,0.8152449646715397
V3,200062,0.8987602427665217
V3,200063,0.0
V3,200064,0.598117740676451
V3,200065,0.0
V3,200066,0.3672948329782589
V3,200067,0.4667091600780667
V3,200068,0.377833564562264
V3,200069,0.9591029026193355
V3,200070,0.0
V3,200071,0.0
V3,200072,1.0
V3,200073,0.9379652332656657
V3,200074,0.1415338098745015
V3,200075,0.9720533154009878
V3,200076,1.0
V3,200077,0.47296494520417914
V3,200078,0.97764157564887
V3,200079,1.0
V3,200080,0.9319319326066022
V3,200081,0.0
V3,200082,0.0
V3,200083,0.9771411078227288
V3,200084,0.936908794288767
V3,200085,0.5252848487384862
V3,200086,0.4560085102228591
V3,200087,0.021833162558630374
V3,200088,0.0
V3,200089,0.971252657339538
V3,200090,0.9491985072645737
V3,200091,0.052069220064424736
V3,200092,0.8057497744724437
V3,200093,0.43315653103088136
V3,200094,0.14631645837137214
V3,200095,0.0
V3,200096,1.0
V3,200097,1.0
V3,200098,0.9943970461739063
V3,200099,0.40829032897080864
V3,200100,0.07859420806581013
V3,200101,0.0
V3,200102,0.36246965400172526
V3,200103,0.9917013329537679
V3,200104,0.8888909036606465
V3,200105,0.8869350950157061
V3,200106,0.9681475490121237
V3,200107,1.0
V3,200108,0.4870760248173736
V3,200109,0.9831811330720766
V3,200110,0.9439112010840772
V3,200111,0.9933713165793724
V3,200112,0.0
V3,200113,0.0
V3,200114,0.9636510842799562
V3,200115,0.9780612770743445
V3,200116,0.5256245896102166
V3,200117,0.5653069913366305
V3,200118,0.44516806328122693
V3,200119,0.9803792200431652
V3,200120,0.0
V3,200121,0.9290552172275846
V3,200122,0.5420579997942303
V3,200123,0.22004598722454136
V3,200124,0.17663353424500144
V3,200125,1.0
V3,200126,0.6226332198475779
V3,200127,0.9374436916742653
V3,200128,0.09399467655064961
V3,200129,0.9635535691595797
V3,200130,0.9242191712818314
V3,200131,0.3823803255377587
V3,200132,0.690963227468051
V3,200133,0.24998193568636604
V3,200134,1.0
V3,200135,0.07694899396328216
V3,200136,0.0296625138368636
V3,200137,0.9736587983988122
V3,200138,0.9923727018201782
V3,200139,1.0
V3,200140,0.9954094742301627
V3,200141,1.0
V3,200142,0.6395304680536807
V3,200143,0.018718159089382052
V3,200144,0.0
V3,200145,0.0
V3,200146,0.0
V3,200147,0.9613847115734345
V3,200148,0.9772717119919481
V3,200149,0.14515461004248073
V3,200150,1.0
V3,200151,0.0
V3,200152,0.4053012160616374
V3,200153,0.9619770656564562
V3,200154,0.9748312153037165
V3,200155,0.5518634121194353
V3,200156,0.8526374465117506
V3,200157,0.4104228864610933
V3,200158,0.6244769637604666
V3,200159,0.4877416343626139
V3,200160,0.4758725212921876
V3,200161,1.0
V3,200162,0.551290708570467
V3,200163,0.9422794783940444
V3,200164,0.0
V3,200165,0.0
V3,200166,0.0
V3,200167,0.4307151938813125
V3,200168,1.0
V3,200169,0.871107817065309
V3,200170,1.0
V3,200171,0.08732233567303245
V3,200172,1.0
V3,200173,0.0
V3,200174,0.5992764355659279
V3,200175,0.4037153415261705
V3,200176,0.9352626055587832
V3,200177,0.5889382659823006
V3,200178,0.9816198864154982
V3,200179,0.9736504941404173
V3,200180,1.0
V3,200181,0.48516972032620254
V3,200182,0.9599960650664322
V3,200183,0.9814959119600147
V3,200184,0.0
V3,200185,0.9526398257586363
V3,200186,0.9398072010456676
V3,200187,0.0007195073900893829
V3,200188,0.9899721499706294
V3,200189,0.5542879660142268
V3,200190,1.0
V3,200191,0.9931128342656457
V3,200192,0.0
V3,200193,0.5676772676790764
V3,200194,0.6928764409433286
V3,200195,0.445711553283472
V3,200196,0.3763589539769853
V3,200197,0.22576399035339192
V3,200198,0.0
V3,200199,0.07508561782981737
V4,200000,0.31880681869713773
V4,200001,0.12596279170430102
V4,200002,0.4107972408591032
V4,200003,0.0
V4,200004,0.4441611624938113
V4,200005,0.3166511129899074
V4,200006,0.44226574843338007
V4,200007,0.9915598518955916
V4,200008,0.0
V4,200009,0.9367879710770486
V4,200010,0.98795870521636
V4,200011,0.9440283682039884
V4,200012,1.0
V4,200013,0.9858033036397252
V4,200014,0.9200624385306748
V4,200015,0.8900254100632023
V4,200016,0.3984370473869014
V4,200017,0.0
V4,200018,0.670178122411353
V4,200019,0.39292942268682124
V4,200020,0.08089484266661108
V4,200021,0.19662723223183412
V4,200022,1.0
V4,200023,1.9187131305033714e-05
V4,200024,0.9862685937533155
V4,200025,0.0
V4,200026,0.1810409846634814
V4,200027,0.4611646128043009
V4,200028,0.40517919564323895
V4,200029,0.9779521384362053
V4,200030,0.3595408062702641
V4,200031,0.2732622768395743
V4,200032,0.9931519111259897
V4,200033,0.18711415595911993
V4,200034,0.0
V4,200035,0.0
V4,200036,0.32258655492489036
V4,200037,0.01836491983505503
V4,200038,0.0
V4,200039,0.08731077361732012
V4,200040,0.9371932989252307
V4,200041,0.8511566813391156
V4,200042,0.9810738671640479
V4,200043,0.9835127660965577
V4,200044,0.9655959648823114
V4,200045,0.8574995881896361
V4,200046,0.011061742718786587
V4,200047,0.4036650489391191
V4,200048,0.9132612558567625
V4,200049,0.9674093685774933
V4,200050,1.0
V4,200051,1.0
V4,200052,0.3676096173238271
V4,200053,0.11615504281524397
V4,200054,0.974267020363592
V4,200055,0.013571464966997147
V4,200056,0.8882761857142292
V4,200057,0.5176539758610422
V4,200058,0.0
V4,200059,0.851536903813474
V4,200060,0.0
V4,200061,0.34554651946931647
V4,200062,0.0
V4,200063,0.0
V4,200064,0.958445499900947
V4,200065,0.0
V4,200066,1.0
V4,200067,0.550027566958334
V4,200068,0.0
V4,200069,0.039899325986288314
V4,200070,0.03399376206722224
V4,200071,0.0
V4,200072,0.18475481557392034
V4,200073,1.0
V4,200074,0.0
V4,200075,0.9912577963752155
V4,200076,1.0
V4,200077,0.0
V4,200078,0.9069284307651283
V4,200079,0.4010606882879634
V4,200080,0.033269800911520216
V4,200081,0.4539589204364335
V4,200082,0.0
V4,200083,0.9794429378572146
V4,200084,0.8122803961307242
V4,200085,0.9644359658733727
V4,200086,0.9273624742951719
V4,200087,0.9429782395484437
V4,200088,0.0
V4,200089,0.9742522430057897
V4,200090,0.28008261466335604
V4,200091,0.0777945909356574
V4,200092,0.5191512620659446
V4,200093,0.16841861132945019
V4,200094,0.8413206623686682
V4,200095,0.9153484351187468
V4,200096,0.815343685637811
V4,200097,0.0
V4,200098,0.9223480961880876
V4,200099,0.9483308140554252
V4,200100,0.0
V4,200101,0.0
V4,200102,0.4563429766765789
V4,200103,0.0
V4,200104,1.0
V4,200105,0.49419085218120423
V4,200106,0.27423478055560385
V4,200107,0.9182128756377012
V4,200108,0.31207456140841433
V4,200109,0.6271966461117999
V4,200110,0.9718168389783559
V4,200111,0.3078648772885161
V4,200112,0.0
V4,200113,0.09790014194311517
V4,200114,0.0
V4,200115,1.0
V4,200116,0.9919808981953085
V4,200117,0.4460246247471886
V4,200118,0.0
V4,200119,0.9098640968224418
V4,200120,0.992778931581241
V4,200121,0.3826826859224811
V4,200122,0.8456596288197077
V4,200123,0.14992519414367866
V4,200124,0.02053075048288849
V4,200125,0.3905686698038254
V4,200126,0.5410419723459059
V4,200127,0.1787499693361795
V4,200128,0.039178648015644246
V4,200129,0.00010295190018575655
V4,200130,0.349805188109113
V4,200131,0.13662601788893525
V4,200132,0.8163861703677439
V4,200133,0.0
V4,200134,0.9744974728447708
V4,200135,0.6458562989827418
V4,200136,0.2206974291236484
V4,200137,0.909713185392828
V4,200138,1.0
V4,200139,0.0
V4,200140,0.0
V4,200141,0.9267201110701373
V4,200142,0.9799961827235312
V4,200143,0.04442617619143008
V4,200144,0.0
V4,200145,0.0
V4,200146,0.21438670713196806
V4,200147,0.6875919045597094
V4,200148,0.973463760280228
V4,200149,0.4539164501289568
V4,200150,0.5521344641867394
V4,200151,0.17574419402665692
V4,200152,0.973056664876692
V4,200153,0.9495833044708148
V4,200154,0.13062766933311248
V4,200155,0.5819792899319431
V4,200156,0.5282685556069936
V4,200157,0.9565422366286668
V4,200158,1.0
V4,200159,1.0
V4,200160,0.9880728983168025
V4,200161,0.9771633241596113
V4,200162,0.0
V4,200163,0.46049138009597285
V4,200164,1.0
V4,200165,0.0
V4,200166,0.0
V4,200167,0.9610611057469218
V4,200168,0.0
V4,200169,0.9853339561199513
V4,200170,1.0
V4,200171,0.9402355115267453
V4,200172,0.0
V4,200173,0.0
V4,200174,0.12926118539918519
V4,200175,1.0
V4,200176,0.04075752512254846
V4,200177,0.9895921262981641
V4,200178,0.23836080056444406
V4,200179,0.3991229462679474
V4,200180,0.9477877982631541
V4,200181,0.6690853729355959
V4,200182,0.19747572606510894
V4,200183,0.9854004189204155
V4,200184,0.0
V4,200185,0.7544825618299693
V4,200186,0.0
V4,200187,0.0007195073900893829
V4,200188,0.6559968101962033
V4,200189,0.8739897774400732
V4,200190,0.919678040285614
V4,200191,1.0
V4,200192,0.0
V4,200193,0.0
V4,200194,0.9701281455569152
V4,200195,0.9391370762779089
V4,200196,0.10640045651327401
V4,200197,0.0
V4,200198,0.0
V4,200199,0.07936135107202849
