variante,realizacion,semilla_base,semilla,puntuacion
V0,A,20260827,200000,1.0
V0,A,20260827,200001,1.0
V0,A,20260827,200002,0.7242771604179735
V0,A,20260827,200003,0.9855084193116445
V0,A,20260827,200004,1.0
V0,A,20260827,200005,0.6841482798688275
V0,A,20260827,200006,1.0
V0,A,20260827,200007,1.0
V0,A,20260827,200008,1.0
V0,A,20260827,200009,1.0
V0,A,20260827,200010,0.6193611082810292
V0,A,20260827,200011,1.0
V0,A,20260827,200012,0.7101476643574124
V0,A,20260827,200013,0.9754419410519796
V0,A,20260827,200014,0.7191753768432441
V0,A,20260827,200015,0.9807759397341292
V0,A,20260827,200016,0.8728387125146315
V0,A,20260827,200017,1.0
V0,A,20260827,200018,0.9526694858133886
V0,A,20260827,200019,1.0
V0,A,20260827,200020,1.0
V0,A,20260827,200021,1.0
V0,A,20260827,200022,1.0
V0,A,20260827,200023,1.0
V0,A,20260827,200024,1.0
V0,A,20260827,200025,1.0
V0,A,20260827,200026,1.0
V0,A,20260827,200027,1.0
V0,A,20260827,200028,0.36251863716060706
V0,A,20260827,200029,1.0
V0,A,20260827,200030,1.0
V0,A,20260827,200031,0.7251744290914978
V0,A,20260827,200032,0.7067956596767595
V0,A,20260827,200033,1.0
V0,A,20260827,200034,0.4604961343729603
V0,A,20260827,200035,0.9576229133180508
V0,A,20260827,200036,0.6530265361364835
V0,A,20260827,200037,1.0
V0,A,20260827,200038,0.5253886622960348
V0,A,20260827,200039,0.9804277995746861
V0,A,20260827,200040,1.0
V0,A,20260827,200041,0.5759722062487291
V0,A,20260827,200042,0.9973046586552772
V0,A,20260827,200043,0.9836621419226237
V0,A,20260827,200044,1.0
V0,A,20260827,200045,0.6704575844609416
V0,A,20260827,200046,0.9742401749987777
V0,A,20260827,200047,1.0
V0,A,20260827,200048,1.0
V0,A,20260827,200049,0.5037491876707173
V0,A,20260827,200050,1.0
V0,A,20260827,200051,1.0
V0,A,20260827,200052,1.0
V0,A,20260827,200053,0.6312748566308805
V0,A,20260827,200054,0.7038887256846161
V0,A,20260827,200055,0.9673607063543942
V0,A,20260827,200056,0.7132515171419161
V0,A,20260827,200057,1.0
V0,A,20260827,200058,0.9896924254443052
V0,A,20260827,200059,0.9979197921931757
V0,A,20260827,200060,0.9700904633141386
V0,A,20260827,200061,0.5723486812742373
V0,A,20260827,200062,1.0
V0,A,20260827,200063,0.0
V0,A,20260827,200064,1.0
V0,A,20260827,200065,1.0
V0,A,20260827,200066,1.0
V0,A,20260827,200067,0.44884911924920795
V0,A,20260827,200068,1.0
V0,A,20260827,200069,0.5546754953133923
V0,A,20260827,200070,0.9944375689561604
V0,A,20260827,200071,1.0
V0,A,20260827,200072,1.0
V0,A,20260827,200073,1.0
V0,A,20260827,200074,0.1810717205242553
V0,A,20260827,200075,0.5194966123344994
V0,A,20260827,200076,0.9956933582386286
V0,A,20260827,200077,1.0
V0,A,20260827,200078,0.9698582826378104
V0,A,20260827,200079,1.0
V0,A,20260827,200080,0.48773818881331876
V0,A,20260827,200081,0.980878885675531
V0,A,20260827,200082,0.9851529837412056
V0,A,20260827,200083,1.0
V0,A,20260827,200084,1.0
V0,A,20260827,200085,1.0
V0,A,20260827,200086,0.5498367756087981
V0,A,20260827,200087,1.0
V0,A,20260827,200088,1.0
V0,A,20260827,200089,1.0
V0,A,20260827,200090,1.0
V0,A,20260827,200091,1.0
V0,A,20260827,200092,0.7129552975531689
V0,A,20260827,200093,0.9803224758894166
V0,A,20260827,200094,0.986394022860965
V0,A,20260827,200095,0.0
V0,A,20260827,200096,0.9961162275614311
V0,A,20260827,200097,1.0
V0,A,20260827,200098,0.9915120354132098
V0,A,20260827,200099,0.9981179035896701
V0,A,20260827,200100,1.0
V0,A,20260827,200101,0.0
V0,A,20260827,200102,1.0
V0,A,20260827,200103,0.037625315787774664
V0,A,20260827,200104,0.20508545430191039
V0,A,20260827,200105,1.0
V0,A,20260827,200106,0.9880259611283122
V0,A,20260827,200107,0.9677935051534182
V0,A,20260827,200108,0.9714212423838521
V0,A,20260827,200109,0.9958540668405962
V0,A,20260827,200110,0.9574278926865719
V0,A,20260827,200111,0.5332052575819968
V0,A,20260827,200112,0.9622096649549
V0,A,20260827,200113,1.0
V0,A,20260827,200114,1.0
V0,A,20260827,200115,1.0
V0,A,20260827,200116,0.9693429846283386
V0,A,20260827,200117,0.46041321702039345
V0,A,20260827,200118,1.0
V0,A,20260827,200119,1.0
V0,A,20260827,200120,0.9981163615742683
V0,A,20260827,200121,1.0
V0,A,20260827,200122,1.0
V0,A,20260827,200123,0.7269426233142626
V0,A,20260827,200124,1.0
V0,A,20260827,200125,1.0
V0,A,20260827,200126,0.6986339956343721
V0,A,20260827,200127,0.9906259454246277
V0,A,20260827,200128,0.8845231739111459
V0,A,20260827,200129,1.0
V0,A,20260827,200130,0.9786476149006125
V0,A,20260827,200131,1.0
V0,A,20260827,200132,0.9949848462755542
V0,A,20260827,200133,0.9998416809149927
V0,A,20260827,200134,1.0
V0,A,20260827,200135,1.0
V0,A,20260827,200136,1.0
V0,A,20260827,200137,1.0
V0,A,20260827,200138,1.0
V0,A,20260827,200139,0.926965138411266
V0,A,20260827,200140,1.0
V0,A,20260827,200141,1.0
V0,A,20260827,200142,0.530913913401504
V0,A,20260827,200143,0.7272572187412087
V0,A,20260827,200144,0.0
V0,A,20260827,200145,0.941397845310557
V0,A,20260827,200146,0.9782449029109975
V0,A,20260827,200147,0.7247237250062201
V0,A,20260827,200148,1.0
V0,A,20260827,200149,0.723612020465921
V0,A,20260827,200150,1.0
V0,A,20260827,200151,1.0
V0,A,20260827,200152,0.7129016026686286
V0,A,20260827,200153,0.9883347666994854
V0,A,20260827,200154,1.0
V0,A,20260827,200155,0.7821113113246445
V0,A,20260827,200156,0.938292166530052
V0,A,20260827,200157,1.0
V0,A,20260827,200158,0.9469452091109961
V0,A,20260827,200159,1.0
V0,A,20260827,200160,0.9821918401083319
V0,A,20260827,200161,1.0
V0,A,20260827,200162,1.0
V0,A,20260827,200163,0.9760952577073629
V0,A,20260827,200164,0.9992839404440395
V0,A,20260827,200165,0.0
V0,A,20260827,200166,1.0
V0,A,20260827,200167,0.6860073837371483
V0,A,20260827,200168,1.0
V0,A,20260827,200169,1.0
V0,A,20260827,200170,1.0
V0,A,20260827,200171,1.0
V0,A,20260827,200172,0.9937414760944364
V0,A,20260827,200173,0.9922982613604331
V0,A,20260827,200174,1.0
V0,A,20260827,200175,1.0
V0,A,20260827,200176,0.9745428248456398
V0,A,20260827,200177,1.0
V0,A,20260827,200178,1.0
V0,A,20260827,200179,1.0
V0,A,20260827,200180,1.0
V0,A,20260827,200181,1.0
V0,A,20260827,200182,0.9902701303823517
V0,A,20260827,200183,1.0
V0,A,20260827,200184,0.9909162201032563
V0,A,20260827,200185,1.0
V0,A,20260827,200186,1.0
V0,A,20260827,200187,0.9700243669829577
V0,A,20260827,200188,1.0
V0,A,20260827,200189,0.6349289517035968
V0,A,20260827,200190,1.0
V0,A,20260827,200191,1.0
V0,A,20260827,200192,0.0
V0,A,20260827,200193,0.3470451471708019
V0,A,20260827,200194,1.0
V0,A,20260827,200195,0.0
V0,A,20260827,200196,0.45420222917867725
V0,A,20260827,200197,1.0
V0,A,20260827,200198,0.9606045078388796
V0,A,20260827,200199,1.0
V0,B,20260831,200000,1.0
V0,B,20260831,200001,1.0
V0,B,20260831,200002,0.9791842136501518
V0,B,20260831,200003,0.9785354319723849
V0,B,20260831,200004,1.0
V0,B,20260831,200005,0.7172423985632617
V0,B,20260831,200006,0.9869658181024048
V0,B,20260831,200007,1.0
V0,B,20260831,200008,1.0
V0,B,20260831,200009,0.9842463986706244
V0,B,20260831,200010,0.7168462494546077
V0,B,20260831,200011,0.995480365568006
V0,B,20260831,200012,0.6961581988924664
V0,B,20260831,200013,1.0
V0,B,20260831,200014,0.9987179912091824
V0,B,20260831,200015,1.0
V0,B,20260831,200016,0.9838707855292899
V0,B,20260831,200017,1.0
V0,B,20260831,200018,1.0
V0,B,20260831,200019,1.0
V0,B,20260831,200020,1.0
V0,B,20260831,200021,1.0
V0,B,20260831,200022,1.0
V0,B,20260831,200023,0.9864988935135961
V0,B,20260831,200024,1.0
V0,B,20260831,200025,1.0
V0,B,20260831,200026,1.0
V0,B,20260831,200027,0.9233695742205489
V0,B,20260831,200028,0.3871330537014189
V0,B,20260831,200029,1.0
V0,B,20260831,200030,0.9931067273787951
V0,B,20260831,200031,0.7243207016338826
V0,B,20260831,200032,1.0
V0,B,20260831,200033,0.9587109461732533
V0,B,20260831,200034,0.40531883138105645
V0,B,20260831,200035,0.9624011281853493
V0,B,20260831,200036,0.6761373037317421
V0,B,20260831,200037,0.6432819956119084
V0,B,20260831,200038,0.7161142633437124
V0,B,20260831,200039,1.0
V0,B,20260831,200040,1.0
V0,B,20260831,200041,0.0008415029666528923
V0,B,20260831,200042,1.0
V0,B,20260831,200043,1.0
V0,B,20260831,200044,0.9912569910372553
V0,B,20260831,200045,0.5928457407623338
V0,B,20260831,200046,0.7052355631831387
V0,B,20260831,200047,1.0
V0,B,20260831,200048,1.0
V0,B,20260831,200049,1.0
V0,B,20260831,200050,0.9970392772228039
V0,B,20260831,200051,1.0
V0,B,20260831,200052,1.0
V0,B,20260831,200053,0.661855722938519
V0,B,20260831,200054,1.0
V0,B,20260831,200055,0.9995620300852036
V0,B,20260831,200056,0.7159419394068173
V0,B,20260831,200057,1.0
V0,B,20260831,200058,1.0
V0,B,20260831,200059,1.0
V0,B,20260831,200060,0.635359213256762
V0,B,20260831,200061,0.9938452313529393
V0,B,20260831,200062,0.7998953167269293
V0,B,20260831,200063,0.0
V0,B,20260831,200064,0.951146454503999
V0,B,20260831,200065,1.0
V0,B,20260831,200066,1.0
V0,B,20260831,200067,0.4662428790539905
V0,B,20260831,200068,1.0
V0,B,20260831,200069,0.8902839877106322
V0,B,20260831,200070,0.9880575894304842
V0,B,20260831,200071,0.49408871520491154
V0,B,20260831,200072,1.0
V0,B,20260831,200073,0.9868924284610935
V0,B,20260831,200074,0.18428373761173142
V0,B,20260831,200075,0.9765133120880468
V0,B,20260831,200076,1.0
V0,B,20260831,200077,0.9969570181823011
V0,B,20260831,200078,1.0
V0,B,20260831,200079,1.0
V0,B,20260831,200080,1.0
V0,B,20260831,200081,1.0
V0,B,20260831,200082,1.0
V0,B,20260831,200083,0.980103259071394
V0,B,20260831,200084,1.0
V0,B,20260831,200085,1.0
V0,B,20260831,200086,0.6081166287704005
V0,B,20260831,200087,0.9894681078302847
V0,B,20260831,200088,1.0
V0,B,20260831,200089,0.8161392872472112
V0,B,20260831,200090,1.0
V0,B,20260831,200091,0.9720712977746776
V0,B,20260831,200092,0.7210364546640091
V0,B,20260831,200093,0.7142778305760508
V0,B,20260831,200094,1.0
V0,B,20260831,200095,0.8620849785298149
V0,B,20260831,200096,1.0
V0,B,20260831,200097,0.9951584920803332
V0,B,20260831,200098,1.0
V0,B,20260831,200099,1.0
V0,B,20260831,200100,1.0
V0,B,20260831,200101,1.0
V0,B,20260831,200102,1.0
V0,B,20260831,200103,0.058732702461132706
V0,B,20260831,200104,0.914745066232104
V0,B,20260831,200105,1.0
V0,B,20260831,200106,0.9653198079370771
V0,B,20260831,200107,0.9629622523914338
V0,B,20260831,200108,0.6534201389323683
V0,B,20260831,200109,1.0
V0,B,20260831,200110,0.9609902941097701
V0,B,20260831,200111,0.44777772302389196
V0,B,20260831,200112,1.0
V0,B,20260831,200113,1.0
V0,B,20260831,200114,0.9856689886441715
V0,B,20260831,200115,0.9949708915366978
V0,B,20260831,200116,0.9931215325816763
V0,B,20260831,200117,0.46058098654463675
V0,B,20260831,200118,1.0
V0,B,20260831,200119,1.0
V0,B,20260831,200120,1.0
V0,B,20260831,200121,1.0
V0,B,20260831,200122,1.0
V0,B,20260831,200123,0.7230036837012072
V0,B,20260831,200124,1.0
V0,B,20260831,200125,1.0
V0,B,20260831,200126,0.6986334392474539
V0,B,20260831,200127,0.7073737151160018
V0,B,20260831,200128,0.714634727404775
V0,B,20260831,200129,1.0
V0,B,20260831,200130,1.0
V0,B,20260831,200131,0.7276033735783546
V0,B,20260831,200132,0.9976808873255293
V0,B,20260831,200133,0.9787711767671718
V0,B,20260831,200134,1.0
V0,B,20260831,200135,1.0
V0,B,20260831,200136,0.9994672157138406
V0,B,20260831,200137,1.0
V0,B,20260831,200138,0.9821124087273212
V0,B,20260831,200139,0.6126545092371654
V0,B,20260831,200140,1.0
V0,B,20260831,200141,1.0
V0,B,20260831,200142,0.6773956396594649
V0,B,20260831,200143,0.9929276213104415
V0,B,20260831,200144,0.9784953307556532
V0,B,20260831,200145,0.0
V0,B,20260831,200146,1.0
V0,B,20260831,200147,0.6875919045597094
V0,B,20260831,200148,1.0
V0,B,20260831,200149,1.0
V0,B,20260831,200150,0.9728752689709848
V0,B,20260831,200151,1.0
V0,B,20260831,200152,0.8694292783305325
V0,B,20260831,200153,0.9061938936549065
V0,B,20260831,200154,1.0
V0,B,20260831,200155,0.9754677749846375
V0,B,20260831,200156,0.9402507059367164
V0,B,20260831,200157,1.0
V0,B,20260831,200158,1.0
V0,B,20260831,200159,0.9981695352106804
V0,B,20260831,200160,0.9614138870335168
V0,B,20260831,200161,0.986232196420858
V0,B,20260831,200162,0.9874731563863842
V0,B,20260831,200163,1.0
V0,B,20260831,200164,1.0
V0,B,20260831,200165,0.9940100435655504
V0,B,20260831,200166,1.0
V0,B,20260831,200167,0.9976190728084023
V0,B,20260831,200168,0.9758355796220461
V0,B,20260831,200169,0.9679849230271171
V0,B,20260831,200170,0.997122286266297
V0,B,20260831,200171,1.0
V0,B,20260831,200172,1.0
V0,B,20260831,200173,1.0
V0,B,20260831,200174,0.9503512701984568
V0,B,20260831,200175,1.0
V0,B,20260831,200176,1.0
V0,B,20260831,200177,1.0
V0,B,20260831,200178,1.0
V0,B,20260831,200179,1.0
V0,B,20260831,200180,0.9608205413058635
V0,B,20260831,200181,0.9922309217697098
V0,B,20260831,200182,0.9615313296269863
V0,B,20260831,200183,0.9774240967004914
V0,B,20260831,200184,1.0
V0,B,20260831,200185,1.0
V0,B,20260831,200186,1.0
V0,B,20260831,200187,0.7271798612864643
V0,B,20260831,200188,1.0
V0,B,20260831,200189,0.6408136907174103
V0,B,20260831,200190,1.0
V0,B,20260831,200191,0.7095806192747921
V0,B,20260831,200192,1.0
V0,B,20260831,200193,0.37782082147875473
V0,B,20260831,200194,0.5926104008057526
V0,B,20260831,200195,0.9999436499541399
V0,B,20260831,200196,1.0
V0,B,20260831,200197,0.9776303725306702
V0,B,20260831,200198,1.0
V0,B,20260831,200199,1.0
V1,A,20260827,200000,0.9618889182187357
V1,A,20260827,200001,1.0
V1,A,20260827,200002,0.0
V1,A,20260827,200003,0.8280129569949538
V1,A,20260827,200004,0.5804905887043676
V1,A,20260827,200005,0.35942634086975966
V1,A,20260827,200006,0.23362027713669706
V1,A,20260827,200007,1.0
V1,A,20260827,200008,0.0
V1,A,20260827,200009,0.8620730577988113
V1,A,20260827,200010,0.6978974611431773
V1,A,20260827,200011,0.3008386060276424
V1,A,20260827,200012,0.980308515293288
V1,A,20260827,200013,0.9490963470847779
V1,A,20260827,200014,0.8788402572931333
V1,A,20260827,200015,1.0
V1,A,20260827,200016,0.0
V1,A,20260827,200017,0.0
V1,A,20260827,200018,1.0
V1,A,20260827,200019,1.0
V1,A,20260827,200020,0.9056351400566888
V1,A,20260827,200021,0.0
V1,A,20260827,200022,0.33720311016032867
V1,A,20260827,200023,0.8669007400098965
V1,A,20260827,200024,0.9965452257417687
V1,A,20260827,200025,0.9461621975081009
V1,A,20260827,200026,0.6873094095624814
V1,A,20260827,200027,0.7813160696980624
V1,A,20260827,200028,0.6815548538597653
V1,A,20260827,200029,1.0
V1,A,20260827,200030,1.0
V1,A,20260827,200031,0.3305889928249421
V1,A,20260827,200032,0.20218556246592415
V1,A,20260827,200033,0.41604877587054945
V1,A,20260827,200034,0.0
V1,A,20260827,200035,0.9792837325432912
V1,A,20260827,200036,0.733398742270396
V1,A,20260827,200037,0.6563075466224726
V1,A,20260827,200038,0.6098550532087162
V1,A,20260827,200039,0.6748345567433485
V1,A,20260827,200040,1.0
V1,A,20260827,200041,0.5683367005777572
V1,A,20260827,200042,0.9687732573861467
V1,A,20260827,200043,1.0
V1,A,20260827,200044,1.0
V1,A,20260827,200045,0.11687221961261934
V1,A,20260827,200046,0.5423197347422457
V1,A,20260827,200047,0.7574843824463977
V1,A,20260827,200048,0.9647236393433561
V1,A,20260827,200049,0.9760691498472042
V1,A,20260827,200050,0.20372422764769685
V1,A,20260827,200051,0.9775698649224228
V1,A,20260827,200052,0.8678023572931347
V1,A,20260827,200053,0.55307579873209
V1,A,20260827,200054,0.4978861497024875
V1,A,20260827,200055,0.7800874517471773
V1,A,20260827,200056,0.967245475542003
V1,A,20260827,200057,0.3955847668112763
V1,A,20260827,200058,0.587217040844006
V1,A,20260827,200059,0.0
V1,A,20260827,200060,0.5649479635950445
V1,A,20260827,200061,0.980980666632076
V1,A,20260827,200062,0.0
V1,A,20260827,200063,0.0
V1,A,20260827,200064,1.0
V1,A,20260827,200065,0.5735152555328039
V1,A,20260827,200066,0.5012055781507084
V1,A,20260827,200067,0.6508821404216789
V1,A,20260827,200068,0.6141175383921273
V1,A,20260827,200069,0.7047288167442901
V1,A,20260827,200070,0.43664139434672833
V1,A,20260827,200071,0.0
V1,A,20260827,200072,0.465538155242167
V1,A,20260827,200073,0.9254994478151801
V1,A,20260827,200074,0.012270202616608343
V1,A,20260827,200075,0.9649706619095384
V1,A,20260827,200076,0.8759351256200881
V1,A,20260827,200077,0.46473567386387804
V1,A,20260827,200078,1.0
V1,A,20260827,200079,0.5542618216322031
V1,A,20260827,200080,0.0019503905270539482
V1,A,20260827,200081,0.0
V1,A,20260827,200082,0.0
V1,A,20260827,200083,1.0
V1,A,20260827,200084,0.9690501656682267
V1,A,20260827,200085,0.0
V1,A,20260827,200086,0.38761340144800427
V1,A,20260827,200087,0.021824515706190595
V1,A,20260827,200088,1.0
V1,A,20260827,200089,1.0
V1,A,20260827,200090,0.9609228749227328
V1,A,20260827,200091,0.32771947307832744
V1,A,20260827,200092,0.9014238585104213
V1,A,20260827,200093,0.5486285749930809
V1,A,20260827,200094,0.39877384937427945
V1,A,20260827,200095,0.9552192473645018
V1,A,20260827,200096,1.0
V1,A,20260827,200097,1.0
V1,A,20260827,200098,1.0
V1,A,20260827,200099,0.45614593630691286
V1,A,20260827,200100,0.9178518158698407
V1,A,20260827,200101,0.0
V1,A,20260827,200102,0.4009541096214584
V1,A,20260827,200103,0.0
V1,A,20260827,200104,0.0
V1,A,20260827,200105,1.0
V1,A,20260827,200106,0.9903302634212006
V1,A,20260827,200107,0.8821589567110212
V1,A,20260827,200108,0.9719415928569647
V1,A,20260827,200109,1.0
V1,A,20260827,200110,0.5233165420854561
V1,A,20260827,200111,0.9908630762430075
V1,A,20260827,200112,0.8899700715995896
V1,A,20260827,200113,0.9938599747439902
V1,A,20260827,200114,0.997395759791722
V1,A,20260827,200115,0.8898633697593022
V1,A,20260827,200116,0.924357837246324
V1,A,20260827,200117,0.9874358992693647
V1,A,20260827,200118,0.44241610398017955
V1,A,20260827,200119,0.9202514761759183
V1,A,20260827,200120,0.9593391688892194
V1,A,20260827,200121,1.0
V1,A,20260827,200122,0.0
V1,A,20260827,200123,0.6391878266969002
V1,A,20260827,200124,0.9803820463726416
V1,A,20260827,200125,0.9616795456345258
V1,A,20260827,200126,0.9054170591678561
V1,A,20260827,200127,0.7428019307006826
V1,A,20260827,200128,0.22107126533359062
V1,A,20260827,200129,0.9914709746757144
V1,A,20260827,200130,0.47810347807771314
V1,A,20260827,200131,0.6456946647892777
V1,A,20260827,200132,0.0
V1,A,20260827,200133,0.0
V1,A,20260827,200134,0.992625019257496
V1,A,20260827,200135,0.8695978396867071
V1,A,20260827,200136,1.0
V1,A,20260827,200137,1.0
V1,A,20260827,200138,0.5350914382607052
V1,A,20260827,200139,0.8519945651789783
V1,A,20260827,200140,0.17434315168426343
V1,A,20260827,200141,1.0
V1,A,20260827,200142,0.5160258566302225
V1,A,20260827,200143,0.9542832252634348
V1,A,20260827,200144,0.3421474027420889
V1,A,20260827,200145,1.0
V1,A,20260827,200146,0.0
V1,A,20260827,200147,0.9375252489552267
V1,A,20260827,200148,1.0
V1,A,20260827,200149,0.9138660913977548
V1,A,20260827,200150,1.0
V1,A,20260827,200151,0.12878876161112027
V1,A,20260827,200152,1.0
V1,A,20260827,200153,0.0
V1,A,20260827,200154,0.0
V1,A,20260827,200155,0.5435482269906509
V1,A,20260827,200156,0.1817574406495952
V1,A,20260827,200157,0.9163440871802135
V1,A,20260827,200158,0.9851596294025499
V1,A,20260827,200159,0.23637590311081658
V1,A,20260827,200160,1.0
V1,A,20260827,200161,0.8160879707247849
V1,A,20260827,200162,0.0
V1,A,20260827,200163,0.8784548173222989
V1,A,20260827,200164,0.3905462090174469
V1,A,20260827,200165,0.0
V1,A,20260827,200166,0.0
V1,A,20260827,200167,0.9771423392489135
V1,A,20260827,200168,0.9999646303027165
V1,A,20260827,200169,0.9725465796436323
V1,A,20260827,200170,0.5652175963506749
V1,A,20260827,200171,1.0
V1,A,20260827,200172,1.0
V1,A,20260827,200173,1.0
V1,A,20260827,200174,0.9804445053612506
V1,A,20260827,200175,0.8927175724458797
V1,A,20260827,200176,0.9776948142157653
V1,A,20260827,200177,1.0
V1,A,20260827,200178,0.6728249823384735
V1,A,20260827,200179,1.0
V1,A,20260827,200180,0.6254246678616447
V1,A,20260827,200181,0.8958015798492993
V1,A,20260827,200182,0.0
V1,A,20260827,200183,0.9760300437927781
V1,A,20260827,200184,0.0
V1,A,20260827,200185,0.9556197230295417
V1,A,20260827,200186,1.0
V1,A,20260827,200187,0.9778833538980765
V1,A,20260827,200188,1.0
V1,A,20260827,200189,0.5720860817246646
V1,A,20260827,200190,0.3203364335089004
V1,A,20260827,200191,0.9866196321429866
V1,A,20260827,200192,0.6091889407035215
V1,A,20260827,200193,0.7392911053949385
V1,A,20260827,200194,0.9811187039530144
V1,A,20260827,200195,0.0997223294797136
V1,A,20260827,200196,0.10294399681459561
V1,A,20260827,200197,0.9595425596652052
V1,A,20260827,200198,0.0
V1,A,20260827,200199,0.09701280332808661
V1,B,20260831,200000,0.9652209309893294
V1,B,20260831,200001,1.0
V1,B,20260831,200002,0.5382439691400708
V1,B,20260831,200003,0.20107814515323422
V1,B,20260831,200004,0.0
V1,B,20260831,200005,0.32543861941446084
V1,B,20260831,200006,0.23362027713669706
V1,B,20260831,200007,0.8698453598163495
V1,B,20260831,200008,0.0
V1,B,20260831,200009,1.0
V1,B,20260831,200010,0.615905473078296
V1,B,20260831,200011,0.4571192194461985
V1,B,20260831,200012,0.0028901522863908216
V1,B,20260831,200013,0.9698641182939433
V1,B,20260831,200014,0.7956209589121347
V1,B,20260831,200015,1.0
V1,B,20260831,200016,0.0
V1,B,20260831,200017,0.9438975585422996
V1,B,20260831,200018,0.9578298902283429
V1,B,20260831,200019,0.9925751953635674
V1,B,20260831,200020,0.41610107830256243
V1,B,20260831,200021,1.0
V1,B,20260831,200022,0.971042580762798
V1,B,20260831,200023,0.0
V1,B,20260831,200024,0.998218642941812
V1,B,20260831,200025,1.0
V1,B,20260831,200026,0.656209300214031
V1,B,20260831,200027,0.5700985183477596
V1,B,20260831,200028,0.9821815392248037
V1,B,20260831,200029,0.8887889219642631
V1,B,20260831,200030,1.0
V1,B,20260831,200031,0.31804995147135173
V1,B,20260831,200032,0.4237233759155988
V1,B,20260831,200033,1.0
V1,B,20260831,200034,0.0
V1,B,20260831,200035,1.0
V1,B,20260831,200036,0.5048627552476523
V1,B,20260831,200037,0.9003773138087547
V1,B,20260831,200038,0.48839359948051414
V1,B,20260831,200039,0.6189094324186941
V1,B,20260831,200040,0.9549548684708682
V1,B,20260831,200041,0.9525992604513657
V1,B,20260831,200042,1.0
V1,B,20260831,200043,1.0
V1,B,20260831,200044,0.9459572408316332
V1,B,20260831,200045,0.1183308814625851
V1,B,20260831,200046,0.6459121698829093
V1,B,20260831,200047,1.0
V1,B,20260831,200048,0.995565487924574
V1,B,20260831,200049,0.8300457053239332
V1,B,20260831,200050,0.9859071115103608
V1,B,20260831,200051,1.0
V1,B,20260831,200052,1.0
V1,B,20260831,200053,0.8172802741533123
V1,B,20260831,200054,0.9433173354643886
V1,B,20260831,200055,0.5625106106765457
V1,B,20260831,200056,0.9663722096089731
V1,B,20260831,200057,1.0
V1,B,20260831,200058,0.6760324623181744
V1,B,20260831,200059,0.0
V1,B,20260831,200060,0.9950891189238013
V1,B,20260831,200061,0.5533051978610939
V1,B,20260831,200062,0.0
V1,B,20260831,200063,0.0
V1,B,20260831,200064,0.5865568973974011
V1,B,20260831,200065,0.980639987941872
V1,B,20260831,200066,0.9706842787930212
V1,B,20260831,200067,0.3238998862021927
V1,B,20260831,200068,0.2723118035498789
V1,B,20260831,200069,0.5030237268423374
V1,B,20260831,200070,0.21668928785339828
V1,B,20260831,200071,0.0
V1,B,20260831,200072,0.5673754563751644
V1,B,20260831,200073,0.9105755202385614
V1,B,20260831,200074,0.8903689225092211
V1,B,20260831,200075,0.9919461032578465
V1,B,20260831,200076,1.0
V1,B,20260831,200077,0.3464023149882097
V1,B,20260831,200078,1.0
V1,B,20260831,200079,0.23983211832076687
V1,B,20260831,200080,0.0019503905270539482
V1,B,20260831,200081,0.0
V1,B,20260831,200082,0.0
V1,B,20260831,200083,1.0
V1,B,20260831,200084,0.9623209741133915
V1,B,20260831,200085,0.999367272558922
V1,B,20260831,200086,0.8471380260645875
V1,B,20260831,200087,0.021824515706190595
V1,B,20260831,200088,0.00205635010444132
V1,B,20260831,200089,0.5474556236461324
V1,B,20260831,200090,0.8641591875714583
V1,B,20260831,200091,0.9326485410719385
V1,B,20260831,200092,0.6280525149711111
V1,B,20260831,200093,0.2542368776981852
V1,B,20260831,200094,0.2587761629138897
V1,B,20260831,200095,0.0
V1,B,20260831,200096,0.0
V1,B,20260831,200097,0.3405526969245503
V1,B,20260831,200098,0.9747445664294913
V1,B,20260831,200099,0.42686426684606316
V1,B,20260831,200100,0.9050826647724501
V1,B,20260831,200101,0.0
V1,B,20260831,200102,0.3758413284827694
V1,B,20260831,200103,0.38751927500158595
V1,B,20260831,200104,0.0
V1,B,20260831,200105,0.9732643278287689
V1,B,20260831,200106,0.9418787348179575
V1,B,20260831,200107,0.36588511869177875
V1,B,20260831,200108,0.8810071010882079
V1,B,20260831,200109,0.09788840396375167
V1,B,20260831,200110,0.5372096589803612
V1,B,20260831,200111,1.0
V1,B,20260831,200112,0.0
V1,B,20260831,200113,0.9829051653593993
V1,B,20260831,200114,0.018948224093578415
V1,B,20260831,200115,1.0
V1,B,20260831,200116,0.9522300594912559
V1,B,20260831,200117,0.7077823858822591
V1,B,20260831,200118,0.9296593872249562
V1,B,20260831,200119,1.0
V1,B,20260831,200120,1.0
V1,B,20260831,200121,2.1710055114068386e-05
V1,B,20260831,200122,0.0
V1,B,20260831,200123,0.4795571980380622
V1,B,20260831,200124,0.21125580622283222
V1,B,20260831,200125,0.9669366185489311
V1,B,20260831,200126,0.9012977264037898
V1,B,20260831,200127,0.8486628679957158
V1,B,20260831,200128,0.15939505726702285
V1,B,20260831,200129,1.0
V1,B,20260831,200130,0.8988200725701382
V1,B,20260831,200131,0.545415925914325
V1,B,20260831,200132,1.0
V1,B,20260831,200133,0.0
V1,B,20260831,200134,0.9566237937337663
V1,B,20260831,200135,1.0
V1,B,20260831,200136,0.34758594729961334
V1,B,20260831,200137,0.9918737280444121
V1,B,20260831,200138,0.9141186860623389
V1,B,20260831,200139,0.3901983592136509
V1,B,20260831,200140,0.0
V1,B,20260831,200141,0.5535870283369331
V1,B,20260831,200142,0.48704994297819515
V1,B,20260831,200143,0.9871984733211444
V1,B,20260831,200144,1.0
V1,B,20260831,200145,0.1922866377889803
V1,B,20260831,200146,0.0
V1,B,20260831,200147,1.0
V1,B,20260831,200148,0.9051847740933878
V1,B,20260831,200149,0.961635791709959
V1,B,20260831,200150,0.9872159041717481
V1,B,20260831,200151,1.0
V1,B,20260831,200152,0.9860843734266089
V1,B,20260831,200153,0.0
V1,B,20260831,200154,0.9890060839681394
V1,B,20260831,200155,0.5511720523617296
V1,B,20260831,200156,0.013143658086669875
V1,B,20260831,200157,0.5651869593933748
V1,B,20260831,200158,1.0
V1,B,20260831,200159,0.2555022914716891
V1,B,20260831,200160,0.9650030115613504
V1,B,20260831,200161,0.993932540746387
V1,B,20260831,200162,0.9640391672269985
V1,B,20260831,200163,1.0
V1,B,20260831,200164,1.0
V1,B,20260831,200165,0.0
V1,B,20260831,200166,0.0
V1,B,20260831,200167,0.5345029300933043
V1,B,20260831,200168,1.0
V1,B,20260831,200169,0.9324145058981783
V1,B,20260831,200170,0.9619656263718951
V1,B,20260831,200171,1.0
V1,B,20260831,200172,0.9954562248311435
V1,B,20260831,200173,0.2798812229712043
V1,B,20260831,200174,0.2349175348780481
V1,B,20260831,200175,1.0
V1,B,20260831,200176,0.04075752512254846
V1,B,20260831,200177,1.0
V1,B,20260831,200178,0.33009922780664297
V1,B,20260831,200179,0.9873676446439178
V1,B,20260831,200180,0.2928600707342848
V1,B,20260831,200181,0.55806536958997
V1,B,20260831,200182,0.994622223495378
V1,B,20260831,200183,0.9982082969988694
V1,B,20260831,200184,0.0
V1,B,20260831,200185,0.9942709102828821
V1,B,20260831,200186,0.9772723356723032
V1,B,20260831,200187,1.0
V1,B,20260831,200188,0.9725682560929778
V1,B,20260831,200189,0.4552611986300329
V1,B,20260831,200190,1.0
V1,B,20260831,200191,1.0
V1,B,20260831,200192,1.0
V1,B,20260831,200193,0.4946593123587624
V1,B,20260831,200194,0.9429969308219989
V1,B,20260831,200195,0.40108200923149445
V1,B,20260831,200196,0.39180569240422064
V1,B,20260831,200197,0.907636731359313
V1,B,20260831,200198,0.0
V1,B,20260831,200199,0.08788741194748605
V2,A,20260827,200000,0.32946233207700615
V2,A,20260827,200001,0.9518207353344166
V2,A,20260827,200002,0.0
V2,A,20260827,200003,0.10541893114877181
V2,A,20260827,200004,0.5637029030009981
V2,A,20260827,200005,0.5985399571689839
V2,A,20260827,200006,0.23362027713669706
V2,A,20260827,200007,0.9382598991338823
V2,A,20260827,200008,0.9996283553392232
V2,A,20260827,200009,1.0
V2,A,20260827,200010,0.9532595685646743
V2,A,20260827,200011,0.357576743689247
V2,A,20260827,200012,0.6533659287734545
V2,A,20260827,200013,1.0
V2,A,20260827,200014,0.49315266055550794
V2,A,20260827,200015,0.7827270982950941
V2,A,20260827,200016,0.0
V2,A,20260827,200017,0.014113697903975254
V2,A,20260827,200018,0.2677352919342601
V2,A,20260827,200019,1.0
V2,A,20260827,200020,0.886188862167516
V2,A,20260827,200021,0.5127241490159195
V2,A,20260827,200022,1.0
V2,A,20260827,200023,0.0
V2,A,20260827,200024,0.7790419756147666
V2,A,20260827,200025,1.0
V2,A,20260827,200026,0.5179427729591197
V2,A,20260827,200027,0.5876217585937061
V2,A,20260827,200028,0.9477606174864296
V2,A,20260827,200029,0.987626349111575
V2,A,20260827,200030,0.3596180944749423
V2,A,20260827,200031,0.9435053844280218
V2,A,20260827,200032,0.9875331533856144
V2,A,20260827,200033,0.9465637981615157
V2,A,20260827,200034,0.0
V2,A,20260827,200035,0.0
V2,A,20260827,200036,0.24978183069304205
V2,A,20260827,200037,1.0
V2,A,20260827,200038,0.0
V2,A,20260827,200039,0.9155760478236731
V2,A,20260827,200040,0.9483755415122813
V2,A,20260827,200041,0.0
V2,A,20260827,200042,1.0
V2,A,20260827,200043,0.0669847333115956
V2,A,20260827,200044,0.9450575030807182
V2,A,20260827,200045,0.11687221961261934
V2,A,20260827,200046,0.5526488809826015
V2,A,20260827,200047,0.9999223408434462
V2,A,20260827,200048,0.9807042668298885
V2,A,20260827,200049,0.9682980937046427
V2,A,20260827,200050,1.0
V2,A,20260827,200051,0.5198646628712268
V2,A,20260827,200052,0.9844438212313859
V2,A,20260827,200053,0.5784658383188839
V2,A,20260827,200054,0.9658264551578688
V2,A,20260827,200055,0.9616436937119924
V2,A,20260827,200056,0.7222527805616957
V2,A,20260827,200057,0.8644311302686458
V2,A,20260827,200058,0.0
V2,A,20260827,200059,0.0
V2,A,20260827,200060,0.5820381285998951
V2,A,20260827,200061,0.9306180642599672
V2,A,20260827,200062,0.0
V2,A,20260827,200063,0.0
V2,A,20260827,200064,0.9623301528883252
V2,A,20260827,200065,0.0
V2,A,20260827,200066,0.8815130504851383
V2,A,20260827,200067,0.4342570936418872
V2,A,20260827,200068,0.9358734659003779
V2,A,20260827,200069,0.4986796785303782
V2,A,20260827,200070,0.287904516330064
V2,A,20260827,200071,0.0
V2,A,20260827,200072,0.9477392569173854
V2,A,20260827,200073,0.832333160151498
V2,A,20260827,200074,0.0
V2,A,20260827,200075,0.4547626128643843
V2,A,20260827,200076,0.9810168810649755
V2,A,20260827,200077,0.0
V2,A,20260827,200078,0.8743514120998004
V2,A,20260827,200079,0.11795826100084847
V2,A,20260827,200080,0.0019503905270539482
V2,A,20260827,200081,0.0
V2,A,20260827,200082,0.09107157302548939
V2,A,20260827,200083,0.7275317581032036
V2,A,20260827,200084,0.9927702548373109
V2,A,20260827,200085,0.14601752231055215
V2,A,20260827,200086,0.8899083413518463
V2,A,20260827,200087,0.9788011809009508
V2,A,20260827,200088,0.04081198356992428
V2,A,20260827,200089,0.9399616285843454
V2,A,20260827,200090,0.9566517511696471
V2,A,20260827,200091,0.8810691847230113
V2,A,20260827,200092,1.0
V2,A,20260827,200093,0.6395424391319234
V2,A,20260827,200094,0.021633223295753557
V2,A,20260827,200095,0.0
V2,A,20260827,200096,0.9251735303094378
V2,A,20260827,200097,0.10820700454361415
V2,A,20260827,200098,0.4798968595277162
V2,A,20260827,200099,0.9782357361222883
V2,A,20260827,200100,0.891663015076499
V2,A,20260827,200101,0.0
V2,A,20260827,200102,1.0
V2,A,20260827,200103,1.0
V2,A,20260827,200104,0.0
V2,A,20260827,200105,1.0
V2,A,20260827,200106,1.0
V2,A,20260827,200107,0.8696016749033908
V2,A,20260827,200108,0.8747057675666614
V2,A,20260827,200109,0.9562836980277548
V2,A,20260827,200110,0.5216986470479092
V2,A,20260827,200111,0.05051770205148584
V2,A,20260827,200112,0.8937860486180489
V2,A,20260827,200113,0.12208208577206288
V2,A,20260827,200114,0.0
V2,A,20260827,200115,1.0
V2,A,20260827,200116,0.9702007056227264
V2,A,20260827,200117,0.4613949234106292
V2,A,20260827,200118,0.0
V2,A,20260827,200119,0.9427064258177467
V2,A,20260827,200120,0.0
V2,A,20260827,200121,0.3702612242329419
V2,A,20260827,200122,0.9313205568716124
V2,A,20260827,200123,0.003113054045881376
V2,A,20260827,200124,0.02053075048288849
V2,A,20260827,200125,0.974552362580679
V2,A,20260827,200126,1.0
V2,A,20260827,200127,0.7925184786790016
V2,A,20260827,200128,0.37009438208454065
V2,A,20260827,200129,0.9894954289000867
V2,A,20260827,200130,0.8958032394744571
V2,A,20260827,200131,0.6544386001200839
V2,A,20260827,200132,0.9346241057281232
V2,A,20260827,200133,0.0
V2,A,20260827,200134,1.0
V2,A,20260827,200135,0.0
V2,A,20260827,200136,0.9615102558140448
V2,A,20260827,200137,1.0
V2,A,20260827,200138,0.9795015642165877
V2,A,20260827,200139,0.9901891918735596
V2,A,20260827,200140,0.9796434881412137
V2,A,20260827,200141,0.2729158519320983
V2,A,20260827,200142,0.5811284767833517
V2,A,20260827,200143,0.022212125129829275
V2,A,20260827,200144,0.15650782325716486
V2,A,20260827,200145,0.0
V2,A,20260827,200146,0.0
V2,A,20260827,200147,0.7821950685449559
V2,A,20260827,200148,0.7621715285320719
V2,A,20260827,200149,0.9909295815721112
V2,A,20260827,200150,1.0
V2,A,20260827,200151,0.04893459602987472
V2,A,20260827,200152,0.5426137071157356
V2,A,20260827,200153,0.5215527587082907
V2,A,20260827,200154,1.0
V2,A,20260827,200155,0.6627546286982369
V2,A,20260827,200156,1.0
V2,A,20260827,200157,0.0
V2,A,20260827,200158,1.0
V2,A,20260827,200159,0.8727259990153998
V2,A,20260827,200160,0.9838097258023122
V2,A,20260827,200161,0.9980527977651718
V2,A,20260827,200162,1.0
V2,A,20260827,200163,1.0
V2,A,20260827,200164,0.0
V2,A,20260827,200165,0.0
V2,A,20260827,200166,0.0
V2,A,20260827,200167,0.2619528804411689
V2,A,20260827,200168,0.8470920682602308
V2,A,20260827,200169,0.9172372691902765
V2,A,20260827,200170,0.42060844284625637
V2,A,20260827,200171,1.0
V2,A,20260827,200172,1.0
V2,A,20260827,200173,0.26707475884257387
V2,A,20260827,200174,0.9786835754499509
V2,A,20260827,200175,0.9425203682500052
V2,A,20260827,200176,0.9896456995953974
V2,A,20260827,200177,0.8923030939851525
V2,A,20260827,200178,0.2255261129556051
V2,A,20260827,200179,1.0
V2,A,20260827,200180,0.6118931314715143
V2,A,20260827,200181,0.30352661332039155
V2,A,20260827,200182,0.0
V2,A,20260827,200183,1.0
V2,A,20260827,200184,0.0
V2,A,20260827,200185,0.001281304838135262
V2,A,20260827,200186,0.9808531006801418
V2,A,20260827,200187,0.0007195073900893829
V2,A,20260827,200188,0.6168136950514035
V2,A,20260827,200189,0.35063415239269385
V2,A,20260827,200190,0.3274425219959446
V2,A,20260827,200191,0.9558426178356809
V2,A,20260827,200192,0.0
V2,A,20260827,200193,1.0
V2,A,20260827,200194,0.9996486665782955
V2,A,20260827,200195,0.0
V2,A,20260827,200196,0.9900150264456007
V2,A,20260827,200197,1.0
V2,A,20260827,200198,0.0
V2,A,20260827,200199,0.07783903148929848
V2,B,20260831,200000,0.9561749670930011
V2,B,20260831,200001,0.9791875486851397
V2,B,20260831,200002,0.0
V2,B,20260831,200003,0.0668848427123234
V2,B,20260831,200004,0.27287965384102897
V2,B,20260831,200005,0.6206373008659146
V2,B,20260831,200006,0.23362027713669706
V2,B,20260831,200007,1.0
V2,B,20260831,200008,1.0
V2,B,20260831,200009,1.0
V2,B,20260831,200010,0.08255564066015322
V2,B,20260831,200011,0.7428401056851476
V2,B,20260831,200012,0.9859271963036836
V2,B,20260831,200013,0.9697926636690909
V2,B,20260831,200014,0.8743773273479523
V2,B,20260831,200015,0.0
V2,B,20260831,200016,0.0
V2,B,20260831,200017,0.023838565302978815
V2,B,20260831,200018,0.2677352919342601
V2,B,20260831,200019,0.815533969712582
V2,B,20260831,200020,0.01833865853712918
V2,B,20260831,200021,0.4713206877270174
V2,B,20260831,200022,0.9872700361209015
V2,B,20260831,200023,0.0
V2,B,20260831,200024,0.9469555947452467
V2,B,20260831,200025,0.9819039309857582
V2,B,20260831,200026,0.9738472892770286
V2,B,20260831,200027,0.950598062670788
V2,B,20260831,200028,1.0
V2,B,20260831,200029,0.9987716282677102
V2,B,20260831,200030,0.3611582300737704
V2,B,20260831,200031,0.5569128631961016
V2,B,20260831,200032,1.0
V2,B,20260831,200033,0.6370528171063772
V2,B,20260831,200034,0.0
V2,B,20260831,200035,0.6279536354414091
V2,B,20260831,200036,0.9585248447981204
V2,B,20260831,200037,0.7027891649957503
V2,B,20260831,200038,0.0
V2,B,20260831,200039,1.0
V2,B,20260831,200040,0.9937957374582301
V2,B,20260831,200041,0.0
V2,B,20260831,200042,0.9691327789097374
V2,B,20260831,200043,0.9883716948160599
V2,B,20260831,200044,0.0
V2,B,20260831,200045,0.1292797647716188
V2,B,20260831,200046,0.9793574358022991
V2,B,20260831,200047,0.9780775999839307
V2,B,20260831,200048,0.939886321988299
V2,B,20260831,200049,0.003922492530322202
V2,B,20260831,200050,0.2788795303800344
V2,B,20260831,200051,0.5366554831303282
V2,B,20260831,200052,0.9844865690059563
V2,B,20260831,200053,0.6338097839370423
V2,B,20260831,200054,0.9556824403323819
V2,B,20260831,200055,0.8169530865166831
V2,B,20260831,200056,0.7888351190359778
V2,B,20260831,200057,0.6156657536374924
V2,B,20260831,200058,0.0
V2,B,20260831,200059,0.0
V2,B,20260831,200060,0.8206821392499839
V2,B,20260831,200061,0.9426044174368294
V2,B,20260831,200062,0.0
V2,B,20260831,200063,0.0
V2,B,20260831,200064,1.0
V2,B,20260831,200065,0.0
V2,B,20260831,200066,0.9762119543339985
V2,B,20260831,200067,0.9926308442957394
V2,B,20260831,200068,0.0
V2,B,20260831,200069,0.7229696505020776
V2,B,20260831,200070,0.8286448185243631
V2,B,20260831,200071,0.0
V2,B,20260831,200072,0.6536054435059822
V2,B,20260831,200073,1.0
V2,B,20260831,200074,0.09078755692587083
V2,B,20260831,200075,0.9662064175852922
V2,B,20260831,200076,0.7092148044441141
V2,B,20260831,200077,0.0
V2,B,20260831,200078,1.0
V2,B,20260831,200079,1.0
V2,B,20260831,200080,0.0019503905270539482
V2,B,20260831,200081,0.0
V2,B,20260831,200082,0.11167904526369346
V2,B,20260831,200083,0.5672503935434737
V2,B,20260831,200084,0.9008253625201426
V2,B,20260831,200085,0.02031555920247042
V2,B,20260831,200086,0.3934903985715354
V2,B,20260831,200087,1.0
V2,B,20260831,200088,0.03398395589860416
V2,B,20260831,200089,0.49301623814327383
V2,B,20260831,200090,0.9970746097677033
V2,B,20260831,200091,0.9809294897777792
V2,B,20260831,200092,0.9980119461163457
V2,B,20260831,200093,0.6969047277304135
V2,B,20260831,200094,0.08792051269331136
V2,B,20260831,200095,0.0
V2,B,20260831,200096,0.9284943299980313
V2,B,20260831,200097,0.15362611265994897
V2,B,20260831,200098,1.0
V2,B,20260831,200099,0.4122164189419105
V2,B,20260831,200100,0.9446951610338812
V2,B,20260831,200101,0.0
V2,B,20260831,200102,0.9479008863901831
V2,B,20260831,200103,1.0
V2,B,20260831,200104,0.9594867245833509
V2,B,20260831,200105,0.9850311262532857
V2,B,20260831,200106,0.7793632207531781
V2,B,20260831,200107,0.33260266026621776
V2,B,20260831,200108,0.44720418204167844
V2,B,20260831,200109,0.1604043259365462
V2,B,20260831,200110,0.5885659133572093
V2,B,20260831,200111,0.0
V2,B,20260831,200112,0.8297850648086711
V2,B,20260831,200113,0.0
V2,B,20260831,200114,0.0
V2,B,20260831,200115,0.9134534387263611
V2,B,20260831,200116,0.9156898389753532
V2,B,20260831,200117,0.8499324841382666
V2,B,20260831,200118,0.0
V2,B,20260831,200119,0.45577717615624463
V2,B,20260831,200120,0.0
V2,B,20260831,200121,0.3939434726602028
V2,B,20260831,200122,0.467203514802591
V2,B,20260831,200123,0.003113054045881376
V2,B,20260831,200124,0.02053075048288849
V2,B,20260831,200125,0.9742245314724872
V2,B,20260831,200126,0.8564395189202372
V2,B,20260831,200127,0.9981304454804398
V2,B,20260831,200128,0.3375885243809588
V2,B,20260831,200129,1.0
V2,B,20260831,200130,0.37425532576320614
V2,B,20260831,200131,1.0
V2,B,20260831,200132,0.98110878196607
V2,B,20260831,200133,0.0
V2,B,20260831,200134,0.9784937828035656
V2,B,20260831,200135,0.0
V2,B,20260831,200136,0.9537140385296502
V2,B,20260831,200137,0.4963203524140009
V2,B,20260831,200138,0.5498774740122471
V2,B,20260831,200139,0.0
V2,B,20260831,200140,0.891959475057069
V2,B,20260831,200141,0.8277877442829583
V2,B,20260831,200142,0.5431653832693928
V2,B,20260831,200143,0.022288929538721785
V2,B,20260831,200144,0.0
V2,B,20260831,200145,0.9236657701130796
V2,B,20260831,200146,0.9926258479889034
V2,B,20260831,200147,0.724278613524129
V2,B,20260831,200148,0.8763863797332387
V2,B,20260831,200149,0.9067503106751305
V2,B,20260831,200150,1.0
V2,B,20260831,200151,0.02991593578695861
V2,B,20260831,200152,0.5453330003445731
V2,B,20260831,200153,0.11777721128303976
V2,B,20260831,200154,0.789660740163739
V2,B,20260831,200155,0.5725564072050559
V2,B,20260831,200156,0.1563321583739627
V2,B,20260831,200157,0.0
V2,B,20260831,200158,1.0
V2,B,20260831,200159,0.24041613185498886
V2,B,20260831,200160,0.4758725212921876
V2,B,20260831,200161,0.9427150808123658
V2,B,20260831,200162,0.9898158850471938
V2,B,20260831,200163,1.0
V2,B,20260831,200164,0.0
V2,B,20260831,200165,0.0
V2,B,20260831,200166,0.9292293880976626
V2,B,20260831,200167,0.13942007041712492
V2,B,20260831,200168,0.7289531215414154
V2,B,20260831,200169,0.7641656538203561
V2,B,20260831,200170,0.7161520218447298
V2,B,20260831,200171,1.0
V2,B,20260831,200172,1.0
V2,B,20260831,200173,0.15364600016086674
V2,B,20260831,200174,0.3594454657255737
V2,B,20260831,200175,0.9281740338856757
V2,B,20260831,200176,0.9176361832531126
V2,B,20260831,200177,0.9689048507306565
V2,B,20260831,200178,0.2255261129556051
V2,B,20260831,200179,0.9645710620172411
V2,B,20260831,200180,0.14140558712646437
V2,B,20260831,200181,1.0
V2,B,20260831,200182,0.0
V2,B,20260831,200183,0.8600086302745849
V2,B,20260831,200184,0.0
V2,B,20260831,200185,0.001281304838135262
V2,B,20260831,200186,1.0
V2,B,20260831,200187,0.04320366719680993
V2,B,20260831,200188,1.0
V2,B,20260831,200189,0.10809494139920316
V2,B,20260831,200190,0.999103169603202
V2,B,20260831,200191,0.3265480865902434
V2,B,20260831,200192,0.0
V2,B,20260831,200193,0.45016368545942204
V2,B,20260831,200194,0.3810763498463888
V2,B,20260831,200195,0.18559872081593629
V2,B,20260831,200196,0.680864540398766
V2,B,20260831,200197,1.0
V2,B,20260831,200198,0.0
V2,B,20260831,200199,0.07474855162402187
V3,A,20260827,200000,0.12473274473736268
V3,A,20260827,200001,0.8060891627812014
V3,A,20260827,200002,0.0
V3,A,20260827,200003,0.0
V3,A,20260827,200004,0.0
V3,A,20260827,200005,0.7435628065505103
V3,A,20260827,200006,0.2511135245208912
V3,A,20260827,200007,1.0
V3,A,20260827,200008,0.0
V3,A,20260827,200009,0.3815781254644949
V3,A,20260827,200010,0.96379258784002
V3,A,20260827,200011,0.0
V3,A,20260827,200012,0.4255348395711599
V3,A,20260827,200013,0.8318370326038426
V3,A,20260827,200014,1.0
V3,A,20260827,200015,0.0
V3,A,20260827,200016,0.9595695493201396
V3,A,20260827,200017,0.0
V3,A,20260827,200018,1.0
V3,A,20260827,200019,1.0
V3,A,20260827,200020,0.9066278908007196
V3,A,20260827,200021,1.0
V3,A,20260827,200022,1.0
V3,A,20260827,200023,1.0
V3,A,20260827,200024,1.0
V3,A,20260827,200025,0.0
V3,A,20260827,200026,0.49530806469696287
V3,A,20260827,200027,0.9387628536100244
V3,A,20260827,200028,0.4337060308060274
V3,A,20260827,200029,0.46479554432298
V3,A,20260827,200030,0.3595408062702641
V3,A,20260827,200031,0.2732622768395743
V3,A,20260827,200032,0.22452921408704146
V3,A,20260827,200033,0.9705999893281801
V3,A,20260827,200034,0.0
V3,A,20260827,200035,0.0
V3,A,20260827,200036,1.0
V3,A,20260827,200037,0.6103419384232681
V3,A,20260827,200038,0.4606023134222957
V3,A,20260827,200039,0.18209706129629893
V3,A,20260827,200040,0.9165548837470915
V3,A,20260827,200041,0.00042449956555586793
V3,A,20260827,200042,0.9744194147783743
V3,A,20260827,200043,0.9680128010340018
V3,A,20260827,200044,0.3153409267594786
V3,A,20260827,200045,0.12003283370384939
V3,A,20260827,200046,1.0
V3,A,20260827,200047,0.9274340113327058
V3,A,20260827,200048,0.9439199707551172
V3,A,20260827,200049,1.0
V3,A,20260827,200050,0.1288838109913362
V3,A,20260827,200051,1.0
V3,A,20260827,200052,0.3743320728436448
V3,A,20260827,200053,0.6804841090232358
V3,A,20260827,200054,1.0
V3,A,20260827,200055,0.43766703356884357
V3,A,20260827,200056,0.5587214597980981
V3,A,20260827,200057,1.0
V3,A,20260827,200058,0.9542674557556446
V3,A,20260827,200059,0.0
V3,A,20260827,200060,1.0
V3,A,20260827,200061,0.8152449646715397
V3,A,20260827,200062,0.8987602427665217
V3,A,20260827,200063,0.0
V3,A,20260827,200064,0.598117740676451
V3,A,20260827,200065,0.0
V3,A,20260827,200066,0.3672948329782589
V3,A,20260827,200067,0.4667091600780667
V3,A,20260827,200068,0.377833564562264
V3,A,20260827,200069,0.9591029026193355
V3,A,20260827,200070,0.0
V3,A,20260827,200071,0.0
V3,A,20260827,200072,1.0
V3,A,20260827,200073,0.9379652332656657
V3,A,20260827,200074,0.1415338098745015
V3,A,20260827,200075,0.9720533154009878
V3,A,20260827,200076,1.0
V3,A,20260827,200077,0.47296494520417914
V3,A,20260827,200078,0.97764157564887
V3,A,20260827,200079,1.0
V3,A,20260827,200080,0.9319319326066022
V3,A,20260827,200081,0.0
V3,A,20260827,200082,0.0
V3,A,20260827,200083,0.9771411078227288
V3,A,20260827,200084,0.936908794288767
V3,A,20260827,200085,0.5252848487384862
V3,A,20260827,200086,0.4560085102228591
V3,A,20260827,200087,0.021833162558630374
V3,A,20260827,200088,0.0
V3,A,20260827,200089,0.971252657339538
V3,A,20260827,200090,0.9491985072645737
V3,A,20260827,200091,0.052069220064424736
V3,A,20260827,200092,0.8057497744724437
V3,A,20260827,200093,0.43315653103088136
V3,A,20260827,200094,0.14631645837137214
V3,A,20260827,200095,0.0
V3,A,20260827,200096,1.0
V3,A,20260827,200097,1.0
V3,A,20260827,200098,0.9943970461739063
V3,A,20260827,200099,0.40829032897080864
V3,A,20260827,200100,0.07859420806581013
V3,A,20260827,200101,0.0
V3,A,20260827,200102,0.36246965400172526
V3,A,20260827,200103,0.9917013329537679
V3,A,20260827,200104,0.8888909036606465
V3,A,20260827,200105,0.8869350950157061
V3,A,20260827,200106,0.9681475490121237
V3,A,20260827,200107,1.0
V3,A,20260827,200108,0.4870760248173736
V3,A,20260827,200109,0.9831811330720766
V3,A,20260827,200110,0.9439112010840772
V3,A,20260827,200111,0.9933713165793724
V3,A,20260827,200112,0.0
V3,A,20260827,200113,0.0
V3,A,20260827,200114,0.9636510842799562
V3,A,20260827,200115,0.9780612770743445
V3,A,20260827,200116,0.5256245896102166
V3,A,20260827,200117,0.5653069913366305
V3,A,20260827,200118,0.44516806328122693
V3,A,20260827,200119,0.9803792200431652
V3,A,20260827,200120,0.0
V3,A,20260827,200121,0.9290552172275846
V3,A,20260827,200122,0.5420579997942303
V3,A,20260827,200123,0.22004598722454136
V3,A,20260827,200124,0.17663353424500144
V3,A,20260827,200125,1.0
V3,A,20260827,200126,0.6226332198475779
V3,A,20260827,200127,0.9374436916742653
V3,A,20260827,200128,0.09399467655064961
V3,A,20260827,200129,0.9635535691595797
V3,A,20260827,200130,0.9242191712818314
V3,A,20260827,200131,0.3823803255377587
V3,A,20260827,200132,0.690963227468051
V3,A,20260827,200133,0.24998193568636604
V3,A,20260827,200134,1.0
V3,A,20260827,200135,0.07694899396328216
V3,A,20260827,200136,0.0296625138368636
V3,A,20260827,200137,0.9736587983988122
V3,A,20260827,200138,0.9923727018201782
V3,A,20260827,200139,1.0
V3,A,20260827,200140,0.9954094742301627
V3,A,20260827,200141,1.0
V3,A,20260827,200142,0.6395304680536807
V3,A,20260827,200143,0.018718159089382052
V3,A,20260827,200144,0.0
V3,A,20260827,200145,0.0
V3,A,20260827,200146,0.0
V3,A,20260827,200147,0.9613847115734345
V3,A,20260827,200148,0.9772717119919481
V3,A,20260827,200149,0.14515461004248073
V3,A,20260827,200150,1.0
V3,A,20260827,200151,0.0
V3,A,20260827,200152,0.4053012160616374
V3,A,20260827,200153,0.9619770656564562
V3,A,20260827,200154,0.9748312153037165
V3,A,20260827,200155,0.5518634121194353
V3,A,20260827,200156,0.8526374465117506
V3,A,20260827,200157,0.4104228864610933
V3,A,20260827,200158,0.6244769637604666
V3,A,20260827,200159,0.4877416343626139
V3,A,20260827,200160,0.4758725212921876
V3,A,20260827,200161,1.0
V3,A,20260827,200162,0.551290708570467
V3,A,20260827,200163,0.9422794783940444
V3,A,20260827,200164,0.0
V3,A,20260827,200165,0.0
V3,A,20260827,200166,0.0
V3,A,20260827,200167,0.4307151938813125
V3,A,20260827,200168,1.0
V3,A,20260827,200169,0.871107817065309
V3,A,20260827,200170,1.0
V3,A,20260827,200171,0.08732233567303245
V3,A,20260827,200172,1.0
V3,A,20260827,200173,0.0
V3,A,20260827,200174,0.5992764355659279
V3,A,20260827,200175,0.4037153415261705
V3,A,20260827,200176,0.9352626055587832
V3,A,20260827,200177,0.5889382659823006
V3,A,20260827,200178,0.9816198864154982
V3,A,20260827,200179,0.9736504941404173
V3,A,20260827,200180,1.0
V3,A,20260827,200181,0.48516972032620254
V3,A,20260827,200182,0.9599960650664322
V3,A,20260827,200183,0.9814959119600147
V3,A,20260827,200184,0.0
V3,A,20260827,200185,0.9526398257586363
V3,A,20260827,200186,0.9398072010456676
V3,A,20260827,200187,0.0007195073900893829
V3,A,20260827,200188,0.9899721499706294
V3,A,20260827,200189,0.5542879660142268
V3,A,20260827,200190,1.0
V3,A,20260827,200191,0.9931128342656457
V3,A,20260827,200192,0.0
V3,A,20260827,200193,0.5676772676790764
V3,A,20260827,200194,0.6928764409433286
V3,A,20260827,200195,0.445711553283472
V3,A,20260827,200196,0.3763589539769853
V3,A,20260827,200197,0.22576399035339192
V3,A,20260827,200198,0.0
V3,A,20260827,200199,0.07508561782981737
V3,B,20260831,200000,0.10309180740749155
V3,B,20260831,200001,0.026615674691559517
V3,B,20260831,200002,0.06801139551290108
V3,B,20260831,200003,0.0
V3,B,20260831,200004,0.0
V3,B,20260831,200005,0.7140833203865525
V3,B,20260831,200006,0.23362027713669706
V3,B,20260831,200007,1.0
V3,B,20260831,200008,0.0
V3,B,20260831,200009,0.9388910933637605
V3,B,20260831,200010,0.9626649993346057
V3,B,20260831,200011,0.8481367337629735
V3,B,20260831,200012,1.0
V3,B,20260831,200013,0.9570992205726543
V3,B,20260831,200014,0.5205410175500816
V3,B,20260831,200015,0.0
V3,B,20260831,200016,0.7252442755589211
V3,B,20260831,200017,0.0
V3,B,20260831,200018,1.0
V3,B,20260831,200019,0.9588209013432301
V3,B,20260831,200020,0.8898395163372959
V3,B,20260831,200021,0.15117434909239383
V3,B,20260831,200022,1.0
V3,B,20260831,200023,0.6246568183442602
V3,B,20260831,200024,0.9676589184750598
V3,B,20260831,200025,0.0
V3,B,20260831,200026,0.6481271853359684
V3,B,20260831,200027,1.0
V3,B,20260831,200028,0.38494942039711644
V3,B,20260831,200029,0.9319555538367651
V3,B,20260831,200030,0.35987394601945966
V3,B,20260831,200031,0.3977385739752656
V3,B,20260831,200032,0.27040778896742
V3,B,20260831,200033,0.9371999356903702
V3,B,20260831,200034,0.0
V3,B,20260831,200035,0.0
V3,B,20260831,200036,1.0
V3,B,20260831,200037,0.9454366841392295
V3,B,20260831,200038,0.022521494137662506
V3,B,20260831,200039,1.0
V3,B,20260831,200040,0.9841274608404184
V3,B,20260831,200041,0.013847313505911212
V3,B,20260831,200042,0.9354295117938101
V3,B,20260831,200043,0.0669847333115956
V3,B,20260831,200044,0.0
V3,B,20260831,200045,1.0
V3,B,20260831,200046,1.0
V3,B,20260831,200047,0.4036650489391191
V3,B,20260831,200048,1.0
V3,B,20260831,200049,0.9294073580948375
V3,B,20260831,200050,0.9378377097267916
V3,B,20260831,200051,0.9660730890590282
V3,B,20260831,200052,1.0
V3,B,20260831,200053,0.5323569327999581
V3,B,20260831,200054,1.0
V3,B,20260831,200055,0.6839307370794261
V3,B,20260831,200056,0.5405045978189068
V3,B,20260831,200057,0.9504486504564442
V3,B,20260831,200058,0.9911737149048344
V3,B,20260831,200059,0.0
V3,B,20260831,200060,1.0
V3,B,20260831,200061,0.9925794520507408
V3,B,20260831,200062,0.1825653597958809
V3,B,20260831,200063,0.0
V3,B,20260831,200064,0.5053183711735968
V3,B,20260831,200065,0.0
V3,B,20260831,200066,0.3672948329782587
V3,B,20260831,200067,0.4038759370784975
V3,B,20260831,200068,0.0
V3,B,20260831,200069,0.027379076136446783
V3,B,20260831,200070,0.0
V3,B,20260831,200071,0.9636147611151091
V3,B,20260831,200072,0.8825008128481324
V3,B,20260831,200073,0.9814660868071138
V3,B,20260831,200074,0.13781451184216462
V3,B,20260831,200075,0.9803831028690433
V3,B,20260831,200076,0.5362162670794534
V3,B,20260831,200077,0.4621030331136234
V3,B,20260831,200078,1.0
V3,B,20260831,200079,1.0
V3,B,20260831,200080,0.9265831799504805
V3,B,20260831,200081,0.0
V3,B,20260831,200082,0.0
V3,B,20260831,200083,0.19191754579640902
V3,B,20260831,200084,0.47693161427394143
V3,B,20260831,200085,0.8806885076816441
V3,B,20260831,200086,0.9964928162194203
V3,B,20260831,200087,0.021824515706190595
V3,B,20260831,200088,0.0
V3,B,20260831,200089,0.4062919727389223
V3,B,20260831,200090,0.28008261466335604
V3,B,20260831,200091,0.06745432013693171
V3,B,20260831,200092,0.5681726392906268
V3,B,20260831,200093,0.36070926550654525
V3,B,20260831,200094,0.0
V3,B,20260831,200095,0.0
V3,B,20260831,200096,0.9801900300285079
V3,B,20260831,200097,0.15052252564845717
V3,B,20260831,200098,0.9705804190341288
V3,B,20260831,200099,0.9930469537836304
V3,B,20260831,200100,0.9502644161675087
V3,B,20260831,200101,0.0
V3,B,20260831,200102,0.9413273117769267
V3,B,20260831,200103,0.7164142226862861
V3,B,20260831,200104,0.9426872602438
V3,B,20260831,200105,0.973026093256376
V3,B,20260831,200106,1.0
V3,B,20260831,200107,0.4147351647860871
V3,B,20260831,200108,0.42334464538759087
V3,B,20260831,200109,0.14130741041994038
V3,B,20260831,200110,0.5439939577439115
V3,B,20260831,200111,0.0
V3,B,20260831,200112,0.4352631406964354
V3,B,20260831,200113,0.0
V3,B,20260831,200114,0.5106607018004492
V3,B,20260831,200115,0.957375264605052
V3,B,20260831,200116,0.4033788502432476
V3,B,20260831,200117,0.5501363204645496
V3,B,20260831,200118,0.9571569279126059
V3,B,20260831,200119,0.26342746673572914
V3,B,20260831,200120,0.9001645283024668
V3,B,20260831,200121,0.44166891305725475
V3,B,20260831,200122,0.0428164444950767
V3,B,20260831,200123,0.38633370881935314
V3,B,20260831,200124,0.05292523797514688
V3,B,20260831,200125,0.9835423566674186
V3,B,20260831,200126,0.9904956255927253
V3,B,20260831,200127,0.1787499693361795
V3,B,20260831,200128,0.8445039221177476
V3,B,20260831,200129,0.010138369865586295
V3,B,20260831,200130,0.32549828810818554
V3,B,20260831,200131,0.9325696837491078
V3,B,20260831,200132,0.9860772073782461
V3,B,20260831,200133,1.0
V3,B,20260831,200134,0.9684901601705691
V3,B,20260831,200135,0.29081678575018816
V3,B,20260831,200136,0.2474945632246346
V3,B,20260831,200137,1.0
V3,B,20260831,200138,1.0
V3,B,20260831,200139,0.9374697248117917
V3,B,20260831,200140,0.9924483620835737
V3,B,20260831,200141,0.9861344807180413
V3,B,20260831,200142,0.72704264732394
V3,B,20260831,200143,0.018718159089382052
V3,B,20260831,200144,0.0
V3,B,20260831,200145,0.0
V3,B,20260831,200146,0.41525120249427344
V3,B,20260831,200147,0.7243832207675954
V3,B,20260831,200148,0.8889355124622365
V3,B,20260831,200149,0.44638973295734435
V3,B,20260831,200150,0.6307904730415851
V3,B,20260831,200151,0.9228361091797616
V3,B,20260831,200152,0.9758835812686114
V3,B,20260831,200153,0.0
V3,B,20260831,200154,1.0
V3,B,20260831,200155,0.5409214180324776
V3,B,20260831,200156,0.8841897371752943
V3,B,20260831,200157,0.7740504050919912
V3,B,20260831,200158,1.0
V3,B,20260831,200159,1.0
V3,B,20260831,200160,1.0
V3,B,20260831,200161,0.9553269151046556
V3,B,20260831,200162,1.0
V3,B,20260831,200163,1.0
V3,B,20260831,200164,0.9552615600663421
V3,B,20260831,200165,0.0
V3,B,20260831,200166,0.0
V3,B,20260831,200167,0.0
V3,B,20260831,200168,1.0
V3,B,20260831,200169,0.823340729759183
V3,B,20260831,200170,1.0
V3,B,20260831,200171,0.0950945295637811
V3,B,20260831,200172,0.9591319861877031
V3,B,20260831,200173,0.990942579601028
V3,B,20260831,200174,1.0
V3,B,20260831,200175,0.9994588597405824
V3,B,20260831,200176,0.9375798240577192
V3,B,20260831,200177,0.0
V3,B,20260831,200178,0.980913036998514
V3,B,20260831,200179,1.0
V3,B,20260831,200180,1.0
V3,B,20260831,200181,0.09406108081810959
V3,B,20260831,200182,0.9776265007472986
V3,B,20260831,200183,0.9259190105243659
V3,B,20260831,200184,0.0
V3,B,20260831,200185,0.7755233416580661
V3,B,20260831,200186,0.3657309219088648
V3,B,20260831,200187,0.02671580036061815
V3,B,20260831,200188,0.9775080611574842
V3,B,20260831,200189,0.5403300301804685
V3,B,20260831,200190,0.744250720374271
V3,B,20260831,200191,0.0
V3,B,20260831,200192,0.8009991630410169
V3,B,20260831,200193,0.5423836043740673
V3,B,20260831,200194,1.0
V3,B,20260831,200195,0.9351690192876001
V3,B,20260831,200196,0.6304069052587421
V3,B,20260831,200197,0.0
V3,B,20260831,200198,0.0
V3,B,20260831,200199,0.43140317362323144
V4,A,20260827,200000,0.31880681869713773
V4,A,20260827,200001,0.12596279170430102
V4,A,20260827,200002,0.4107972408591032
V4,A,20260827,200003,0.0
V4,A,20260827,200004,0.4441611624938113
V4,A,20260827,200005,0.3166511129899074
V4,A,20260827,200006,0.44226574843338007
V4,A,20260827,200007,0.9915598518955916
V4,A,20260827,200008,0.0
V4,A,20260827,200009,0.9367879710770486
V4,A,20260827,200010,0.98795870521636
V4,A,20260827,200011,0.9440283682039884
V4,A,20260827,200012,1.0
V4,A,20260827,200013,0.9858033036397252
V4,A,20260827,200014,0.9200624385306748
V4,A,20260827,200015,0.8900254100632023
V4,A,20260827,200016,0.3984370473869014
V4,A,20260827,200017,0.0
V4,A,20260827,200018,0.670178122411353
V4,A,20260827,200019,0.39292942268682124
V4,A,20260827,200020,0.08089484266661108
V4,A,20260827,200021,0.19662723223183412
V4,A,20260827,200022,1.0
V4,A,20260827,200023,1.9187131305033714e-05
V4,A,20260827,200024,0.9862685937533155
V4,A,20260827,200025,0.0
V4,A,20260827,200026,0.1810409846634814
V4,A,20260827,200027,0.4611646128043009
V4,A,20260827,200028,0.40517919564323895
V4,A,20260827,200029,0.9779521384362053
V4,A,20260827,200030,0.3595408062702641
V4,A,20260827,200031,0.2732622768395743
V4,A,20260827,200032,0.9931519111259897
V4,A,20260827,200033,0.18711415595911993
V4,A,20260827,200034,0.0
V4,A,20260827,200035,0.0
V4,A,20260827,200036,0.32258655492489036
V4,A,20260827,200037,0.01836491983505503
V4,A,20260827,200038,0.0
V4,A,20260827,200039,0.08731077361732012
V4,A,20260827,200040,0.9371932989252307
V4,A,20260827,200041,0.8511566813391156
V4,A,20260827,200042,0.9810738671640479
V4,A,20260827,200043,0.9835127660965577
V4,A,20260827,200044,0.9655959648823114
V4,A,20260827,200045,0.8574995881896361
V4,A,20260827,200046,0.011061742718786587
V4,A,20260827,200047,0.4036650489391191
V4,A,20260827,200048,0.9132612558567625
V4,A,20260827,200049,0.9674093685774933
V4,A,20260827,200050,1.0
V4,A,20260827,200051,1.0
V4,A,20260827,200052,0.3676096173238271
V4,A,20260827,200053,0.11615504281524397
V4,A,20260827,200054,0.974267020363592
V4,A,20260827,200055,0.013571464966997147
V4,A,20260827,200056,0.8882761857142292
V4,A,20260827,200057,0.5176539758610422
V4,A,20260827,200058,0.0
V4,A,20260827,200059,0.851536903813474
V4,A,20260827,200060,0.0
V4,A,20260827,200061,0.34554651946931647
V4,A,20260827,200062,0.0
V4,A,20260827,200063,0.0
V4,A,20260827,200064,0.958445499900947
V4,A,20260827,200065,0.0
V4,A,20260827,200066,1.0
V4,A,20260827,200067,0.550027566958334
V4,A,20260827,200068,0.0
V4,A,20260827,200069,0.039899325986288314
V4,A,20260827,200070,0.03399376206722224
V4,A,20260827,200071,0.0
V4,A,20260827,200072,0.18475481557392034
V4,A,20260827,200073,1.0
V4,A,20260827,200074,0.0
V4,A,20260827,200075,0.9912577963752155
V4,A,20260827,200076,1.0
V4,A,20260827,200077,0.0
V4,A,20260827,200078,0.9069284307651283
V4,A,20260827,200079,0.4010606882879634
V4,A,20260827,200080,0.033269800911520216
V4,A,20260827,200081,0.4539589204364335
V4,A,20260827,200082,0.0
V4,A,20260827,200083,0.9794429378572146
V4,A,20260827,200084,0.8122803961307242
V4,A,20260827,200085,0.9644359658733727
V4,A,20260827,200086,0.9273624742951719
V4,A,20260827,200087,0.9429782395484437
V4,A,20260827,200088,0.0
V4,A,20260827,200089,0.9742522430057897
V4,A,20260827,200090,0.28008261466335604
V4,A,20260827,200091,0.0777945909356574
V4,A,20260827,200092,0.5191512620659446
V4,A,20260827,200093,0.16841861132945019
V4,A,20260827,200094,0.8413206623686682
V4,A,20260827,200095,0.9153484351187468
V4,A,20260827,200096,0.815343685637811
V4,A,20260827,200097,0.0
V4,A,20260827,200098,0.9223480961880876
V4,A,20260827,200099,0.9483308140554252
V4,A,20260827,200100,0.0
V4,A,20260827,200101,0.0
V4,A,20260827,200102,0.4563429766765789
V4,A,20260827,200103,0.0
V4,A,20260827,200104,1.0
V4,A,20260827,200105,0.49419085218120423
V4,A,20260827,200106,0.27423478055560385
V4,A,20260827,200107,0.9182128756377012
V4,A,20260827,200108,0.31207456140841433
V4,A,20260827,200109,0.6271966461117999
V4,A,20260827,200110,0.9718168389783559
V4,A,20260827,200111,0.3078648772885161
V4,A,20260827,200112,0.0
V4,A,20260827,200113,0.09790014194311517
V4,A,20260827,200114,0.0
V4,A,20260827,200115,1.0
V4,A,20260827,200116,0.9919808981953085
V4,A,20260827,200117,0.4460246247471886
V4,A,20260827,200118,0.0
V4,A,20260827,200119,0.9098640968224418
V4,A,20260827,200120,0.992778931581241
V4,A,20260827,200121,0.3826826859224811
V4,A,20260827,200122,0.8456596288197077
V4,A,20260827,200123,0.14992519414367866
V4,A,20260827,200124,0.02053075048288849
V4,A,20260827,200125,0.3905686698038254
V4,A,20260827,200126,0.5410419723459059
V4,A,20260827,200127,0.1787499693361795
V4,A,20260827,200128,0.039178648015644246
V4,A,20260827,200129,0.00010295190018575655
V4,A,20260827,200130,0.349805188109113
V4,A,20260827,200131,0.13662601788893525
V4,A,20260827,200132,0.8163861703677439
V4,A,20260827,200133,0.0
V4,A,20260827,200134,0.9744974728447708
V4,A,20260827,200135,0.6458562989827418
V4,A,20260827,200136,0.2206974291236484
V4,A,20260827,200137,0.909713185392828
V4,A,20260827,200138,1.0
V4,A,20260827,200139,0.0
V4,A,20260827,200140,0.0
V4,A,20260827,200141,0.9267201110701373
V4,A,20260827,200142,0.9799961827235312
V4,A,20260827,200143,0.04442617619143008
V4,A,20260827,200144,0.0
V4,A,20260827,200145,0.0
V4,A,20260827,200146,0.21438670713196806
V4,A,20260827,200147,0.6875919045597094
V4,A,20260827,200148,0.973463760280228
V4,A,20260827,200149,0.4539164501289568
V4,A,20260827,200150,0.5521344641867394
V4,A,20260827,200151,0.17574419402665692
V4,A,20260827,200152,0.973056664876692
V4,A,20260827,200153,0.9495833044708148
V4,A,20260827,200154,0.13062766933311248
V4,A,20260827,200155,0.5819792899319431
V4,A,20260827,200156,0.5282685556069936
V4,A,20260827,200157,0.9565422366286668
V4,A,20260827,200158,1.0
V4,A,20260827,200159,1.0
V4,A,20260827,200160,0.9880728983168025
V4,A,20260827,200161,0.9771633241596113
V4,A,20260827,200162,0.0
V4,A,20260827,200163,0.46049138009597285
V4,A,20260827,200164,1.0
V4,A,20260827,200165,0.0
V4,A,20260827,200166,0.0
V4,A,20260827,200167,0.9610611057469218
V4,A,20260827,200168,0.0
V4,A,20260827,200169,0.9853339561199513
V4,A,20260827,200170,1.0
V4,A,20260827,200171,0.9402355115267453
V4,A,20260827,200172,0.0
V4,A,20260827,200173,0.0
V4,A,20260827,200174,0.12926118539918519
V4,A,20260827,200175,1.0
V4,A,20260827,200176,0.04075752512254846
V4,A,20260827,200177,0.9895921262981641
V4,A,20260827,200178,0.23836080056444406
V4,A,20260827,200179,0.3991229462679474
V4,A,20260827,200180,0.9477877982631541
V4,A,20260827,200181,0.6690853729355959
V4,A,20260827,200182,0.19747572606510894
V4,A,20260827,200183,0.9854004189204155
V4,A,20260827,200184,0.0
V4,A,20260827,200185,0.7544825618299693
V4,A,20260827,200186,0.0
V4,A,20260827,200187,0.0007195073900893829
V4,A,20260827,200188,0.6559968101962033
V4,A,20260827,200189,0.8739897774400732
V4,A,20260827,200190,0.919678040285614
V4,A,20260827,200191,1.0
V4,A,20260827,200192,0.0
V4,A,20260827,200193,0.0
V4,A,20260827,200194,0.9701281455569152
V4,A,20260827,200195,0.9391370762779089
V4,A,20260827,200196,0.10640045651327401
V4,A,20260827,200197,0.0
V4,A,20260827,200198,0.0
V4,A,20260827,200199,0.07936135107202849
V4,B,20260831,200000,0.3780053235390905
V4,B,20260831,200001,0.015066243353623944
V4,B,20260831,200002,0.7684789685569388
V4,B,20260831,200003,0.0
V4,B,20260831,200004,0.0
V4,B,20260831,200005,0.9060546488983066
V4,B,20260831,200006,0.5257452770299663
V4,B,20260831,200007,0.9485290230950036
V4,B,20260831,200008,0.0
V4,B,20260831,200009,0.03504710273498595
V4,B,20260831,200010,0.16409149603255152
V4,B,20260831,200011,0.3900978153957464
V4,B,20260831,200012,0.9079075116660071
V4,B,20260831,200013,0.39678381305568344
V4,B,20260831,200014,0.7490702903621167
V4,B,20260831,200015,0.5487436765617838
V4,B,20260831,200016,1.0
V4,B,20260831,200017,0.0
V4,B,20260831,200018,0.8404032339257386
V4,B,20260831,200019,0.39292942268682113
V4,B,20260831,200020,0.15971044136351717
V4,B,20260831,200021,0.928191144197683
V4,B,20260831,200022,1.0
V4,B,20260831,200023,0.0
V4,B,20260831,200024,0.3154617007850688
V4,B,20260831,200025,0.0
V4,B,20260831,200026,0.1810409846634814
V4,B,20260831,200027,0.9811890285691689
V4,B,20260831,200028,0.989087049513749
V4,B,20260831,200029,1.0
V4,B,20260831,200030,0.3595408062702641
V4,B,20260831,200031,0.39179728147308734
V4,B,20260831,200032,0.493055679298682
V4,B,20260831,200033,1.0
V4,B,20260831,200034,0.0
V4,B,20260831,200035,0.0
V4,B,20260831,200036,1.0
V4,B,20260831,200037,0.01836491983505503
V4,B,20260831,200038,0.0
V4,B,20260831,200039,0.4639305166971136
V4,B,20260831,200040,1.0
V4,B,20260831,200041,1.0
V4,B,20260831,200042,1.0
V4,B,20260831,200043,1.0
V4,B,20260831,200044,0.0
V4,B,20260831,200045,0.36379163729889746
V4,B,20260831,200046,0.011061742718786587
V4,B,20260831,200047,0.768966780177006
V4,B,20260831,200048,1.0
V4,B,20260831,200049,0.9937024272511923
V4,B,20260831,200050,0.9642641592498536
V4,B,20260831,200051,0.9446703683284449
V4,B,20260831,200052,0.36956639432340327
V4,B,20260831,200053,0.11615504281524397
V4,B,20260831,200054,1.0
V4,B,20260831,200055,0.5021662163656068
V4,B,20260831,200056,0.9771259731493815
V4,B,20260831,200057,0.49380546893513033
V4,B,20260831,200058,0.0
V4,B,20260831,200059,0.0
V4,B,20260831,200060,0.0
V4,B,20260831,200061,0.34554651946931647
V4,B,20260831,200062,0.0
V4,B,20260831,200063,0.0
V4,B,20260831,200064,1.0
V4,B,20260831,200065,0.0
V4,B,20260831,200066,0.4077268598338087
V4,B,20260831,200067,0.562988002123926
V4,B,20260831,200068,0.0
V4,B,20260831,200069,0.030713074389263573
V4,B,20260831,200070,0.11619543309459353
V4,B,20260831,200071,0.0
V4,B,20260831,200072,0.10980478263897143
V4,B,20260831,200073,0.7201850681175924
V4,B,20260831,200074,0.0
V4,B,20260831,200075,0.9450650193369566
V4,B,20260831,200076,0.9617071207777176
V4,B,20260831,200077,0.0
V4,B,20260831,200078,0.9868077767125402
V4,B,20260831,200079,0.9697607532464456
V4,B,20260831,200080,0.028295474767913793
V4,B,20260831,200081,0.0
V4,B,20260831,200082,0.0
V4,B,20260831,200083,0.9559690891911115
V4,B,20260831,200084,0.18625712817374754
V4,B,20260831,200085,0.10756120167469067
V4,B,20260831,200086,0.4457825230431187
V4,B,20260831,200087,0.021824515706190595
V4,B,20260831,200088,0.0
V4,B,20260831,200089,0.765286783965284
V4,B,20260831,200090,0.28008261466335604
V4,B,20260831,200091,0.9247080709381714
V4,B,20260831,200092,0.4287790238982221
V4,B,20260831,200093,0.17133328852205154
V4,B,20260831,200094,0.9138462744519509
V4,B,20260831,200095,0.9114189559749583
V4,B,20260831,200096,1.0
V4,B,20260831,200097,0.0
V4,B,20260831,200098,0.9661383471646473
V4,B,20260831,200099,0.9942371582744144
V4,B,20260831,200100,0.0
V4,B,20260831,200101,0.0
V4,B,20260831,200102,0.9132627894712892
V4,B,20260831,200103,0.0
V4,B,20260831,200104,0.9040436422429506
V4,B,20260831,200105,0.3657578981090442
V4,B,20260831,200106,0.9730501745059787
V4,B,20260831,200107,0.5959667565288361
V4,B,20260831,200108,0.8644838471112983
V4,B,20260831,200109,1.0
V4,B,20260831,200110,0.9776306432759547
V4,B,20260831,200111,0.0
V4,B,20260831,200112,0.0
V4,B,20260831,200113,0.10399007711296923
V4,B,20260831,200114,0.0
V4,B,20260831,200115,0.9880553648327867
V4,B,20260831,200116,0.8122213423653682
V4,B,20260831,200117,1.0
V4,B,20260831,200118,0.0
V4,B,20260831,200119,1.0
V4,B,20260831,200120,0.42911611822268153
V4,B,20260831,200121,0.05627110890749399
V4,B,20260831,200122,0.9885386615997843
V4,B,20260831,200123,0.4389602156070962
V4,B,20260831,200124,0.02053075048288849
V4,B,20260831,200125,0.3948016149461958
V4,B,20260831,200126,0.24441150040268406
V4,B,20260831,200127,0.1787499693361795
V4,B,20260831,200128,0.8245489503900368
V4,B,20260831,200129,0.00010295190018575655
V4,B,20260831,200130,0.9583521191486841
V4,B,20260831,200131,0.8840796999565655
V4,B,20260831,200132,0.17721065516885295
V4,B,20260831,200133,0.0
V4,B,20260831,200134,0.9902332784590671
V4,B,20260831,200135,0.0
V4,B,20260831,200136,1.0
V4,B,20260831,200137,1.0
V4,B,20260831,200138,0.9924095137462775
V4,B,20260831,200139,0.0
V4,B,20260831,200140,0.0
V4,B,20260831,200141,0.4234510767725895
V4,B,20260831,200142,0.5028987978522793
V4,B,20260831,200143,0.9288212907081174
V4,B,20260831,200144,0.0
V4,B,20260831,200145,0.0
V4,B,20260831,200146,0.0
V4,B,20260831,200147,0.9377144622470065
V4,B,20260831,200148,0.9963895250299445
V4,B,20260831,200149,0.9001440101041535
V4,B,20260831,200150,0.5521344641867394
V4,B,20260831,200151,0.08852865712628312
V4,B,20260831,200152,0.9650630275975491
V4,B,20260831,200153,0.8639594036904207
V4,B,20260831,200154,0.4352325657002114
V4,B,20260831,200155,1.0
V4,B,20260831,200156,1.0
V4,B,20260831,200157,0.0
V4,B,20260831,200158,0.9782515833615273
V4,B,20260831,200159,0.9848766359102926
V4,B,20260831,200160,0.4758725212921877
V4,B,20260831,200161,0.982566224741439
V4,B,20260831,200162,0.0
V4,B,20260831,200163,0.8254509251651609
V4,B,20260831,200164,1.0
V4,B,20260831,200165,0.0
V4,B,20260831,200166,0.0
V4,B,20260831,200167,0.3417819803064621
V4,B,20260831,200168,0.0
V4,B,20260831,200169,0.9471903090108078
V4,B,20260831,200170,1.0
V4,B,20260831,200171,0.9941934381500803
V4,B,20260831,200172,0.0
V4,B,20260831,200173,0.0
V4,B,20260831,200174,0.1880341988461173
V4,B,20260831,200175,0.919020097223842
V4,B,20260831,200176,0.04075752512254846
V4,B,20260831,200177,1.0
V4,B,20260831,200178,0.8140666949683494
V4,B,20260831,200179,0.46478202640727034
V4,B,20260831,200180,0.9240959653568603
V4,B,20260831,200181,0.9463035014536308
V4,B,20260831,200182,0.9113897599738703
V4,B,20260831,200183,0.9963794779566125
V4,B,20260831,200184,0.0
V4,B,20260831,200185,0.0014398820090717702
V4,B,20260831,200186,0.0
V4,B,20260831,200187,1.0
V4,B,20260831,200188,0.30597902847120234
V4,B,20260831,200189,0.9762774005569862
V4,B,20260831,200190,0.9971320654040177
V4,B,20260831,200191,0.0
V4,B,20260831,200192,0.0
V4,B,20260831,200193,0.0
V4,B,20260831,200194,1.0
V4,B,20260831,200195,0.758832805546125
V4,B,20260831,200196,0.5402175427787389
V4,B,20260831,200197,0.0
V4,B,20260831,200198,0.0
V4,B,20260831,200199,0.07097299392801731
